i,j,mocoeff
0,0,  9.843523592158e-01
0,1,  1.762101385110e-01
0,2,  0.000000000000e+00
0,3,  0.000000000000e+00
0,4,  0.000000000000e+00
0,5, -4.095908572260e-04
0,6,  0.000000000000e+00
0,7,  0.000000000000e+00
0,8,  0.000000000000e+00
0,9,  6.603050523564e-04
0,10,  0.000000000000e+00
0,11,  0.000000000000e+00
0,12,  0.000000000000e+00
0,13,  0.000000000000e+00
0,14,  0.000000000000e+00
0,15,  0.000000000000e+00
0,16,  0.000000000000e+00
0,17,  0.000000000000e+00
0,18, -8.297069941479e-03
0,19,  0.000000000000e+00
0,20,  0.000000000000e+00
0,21,  0.000000000000e+00
0,22,  0.000000000000e+00
0,23,  0.000000000000e+00
0,24,  0.000000000000e+00
0,25,  0.000000000000e+00
0,26,  0.000000000000e+00
0,27, -5.532338314034e-02
0,28,  0.000000000000e+00
0,29,  0.000000000000e+00
0,30,  0.000000000000e+00
0,31,  0.000000000000e+00
0,32,  0.000000000000e+00
0,33,  0.000000000000e+00
0,34,  0.000000000000e+00
0,35,  0.000000000000e+00
0,36,  0.000000000000e+00
0,37,  0.000000000000e+00
0,38,  0.000000000000e+00
0,39,  0.000000000000e+00
0,40,  0.000000000000e+00
0,41,  0.000000000000e+00
0,42,  0.000000000000e+00
0,43,  0.000000000000e+00
0,44,  0.000000000000e+00
0,45,  0.000000000000e+00
0,46, -8.112090461849e-02
0,47,  0.000000000000e+00
0,48,  0.000000000000e+00
0,49,  0.000000000000e+00
0,50,  0.000000000000e+00
0,51,  0.000000000000e+00
0,52,  0.000000000000e+00
0,53,  0.000000000000e+00
0,54,  0.000000000000e+00
0,55,  0.000000000000e+00
0,56,  0.000000000000e+00
0,57,  0.000000000000e+00
0,58,  0.000000000000e+00
1,0, -1.762082533846e-01
1,1,  9.843556031668e-01
1,2,  0.000000000000e+00
1,3,  0.000000000000e+00
1,4,  0.000000000000e+00
1,5, -4.938079703928e-03
1,6,  0.000000000000e+00
1,7,  0.000000000000e+00
1,8,  0.000000000000e+00
1,9,  2.027788366061e-03
1,10,  0.000000000000e+00
1,11,  0.000000000000e+00
1,12,  0.000000000000e+00
1,13,  0.000000000000e+00
1,14,  0.000000000000e+00
1,15,  0.000000000000e+00
1,16,  0.000000000000e+00
1,17,  0.000000000000e+00
1,18, -2.490720432093e-02
1,19,  0.000000000000e+00
1,20,  0.000000000000e+00
1,21,  0.000000000000e+00
1,22,  0.000000000000e+00
1,23,  0.000000000000e+00
1,24,  0.000000000000e+00
1,25,  0.000000000000e+00
1,26,  0.000000000000e+00
1,27, -1.665024997142e-01
1,28,  0.000000000000e+00
1,29,  0.000000000000e+00
1,30,  0.000000000000e+00
1,31,  0.000000000000e+00
1,32,  0.000000000000e+00
1,33,  0.000000000000e+00
1,34,  0.000000000000e+00
1,35,  0.000000000000e+00
1,36,  0.000000000000e+00
1,37,  0.000000000000e+00
1,38,  0.000000000000e+00
1,39,  0.000000000000e+00
1,40,  0.000000000000e+00
1,41,  0.000000000000e+00
1,42,  0.000000000000e+00
1,43,  0.000000000000e+00
1,44,  0.000000000000e+00
1,45,  0.000000000000e+00
1,46, -2.441866556037e-01
1,47,  0.000000000000e+00
1,48,  0.000000000000e+00
1,49,  0.000000000000e+00
1,50,  0.000000000000e+00
1,51,  0.000000000000e+00
1,52,  0.000000000000e+00
1,53,  0.000000000000e+00
1,54,  0.000000000000e+00
1,55,  0.000000000000e+00
1,56,  0.000000000000e+00
1,57,  0.000000000000e+00
1,58,  0.000000000000e+00
2,0, -4.246652149531e-04
2,1,  5.369921647394e-03
2,2,  0.000000000000e+00
2,3,  0.000000000000e+00
2,4,  0.000000000000e+00
2,5,  1.001159079673e+00
2,6,  0.000000000000e+00
2,7,  0.000000000000e+00
2,8,  0.000000000000e+00
2,9,  1.577534261931e-02
2,10,  0.000000000000e+00
2,11,  0.000000000000e+00
2,12,  0.000000000000e+00
2,13,  0.000000000000e+00
2,14,  0.000000000000e+00
2,15,  0.000000000000e+00
2,16,  0.000000000000e+00
2,17,  0.000000000000e+00
2,18, -1.181990252191e-01
2,19,  0.000000000000e+00
2,20,  0.000000000000e+00
2,21,  0.000000000000e+00
2,22,  0.000000000000e+00
2,23,  0.000000000000e+00
2,24,  0.000000000000e+00
2,25,  0.000000000000e+00
2,26,  0.000000000000e+00
2,27, -8.412465290580e-01
2,28,  0.000000000000e+00
2,29,  0.000000000000e+00
2,30,  0.000000000000e+00
2,31,  0.000000000000e+00
2,32,  0.000000000000e+00
2,33,  0.000000000000e+00
2,34,  0.000000000000e+00
2,35,  0.000000000000e+00
2,36,  0.000000000000e+00
2,37,  0.000000000000e+00
2,38,  0.000000000000e+00
2,39,  0.000000000000e+00
2,40,  0.000000000000e+00
2,41,  0.000000000000e+00
2,42,  0.000000000000e+00
2,43,  0.000000000000e+00
2,44,  0.000000000000e+00
2,45,  0.000000000000e+00
2,46, -1.233447653468e+00
2,47,  0.000000000000e+00
2,48,  0.000000000000e+00
2,49,  0.000000000000e+00
2,50,  0.000000000000e+00
2,51,  0.000000000000e+00
2,52,  0.000000000000e+00
2,53,  0.000000000000e+00
2,54,  0.000000000000e+00
2,55,  0.000000000000e+00
2,56,  0.000000000000e+00
2,57,  0.000000000000e+00
2,58,  0.000000000000e+00
3,0, -3.897395328102e-05
3,1,  1.022442384402e-04
3,2,  0.000000000000e+00
3,3,  0.000000000000e+00
3,4,  0.000000000000e+00
3,5,  1.352472116732e-03
3,6,  0.000000000000e+00
3,7,  0.000000000000e+00
3,8,  0.000000000000e+00
3,9,  7.850770696745e-01
3,10,  0.000000000000e+00
3,11,  0.000000000000e+00
3,12,  0.000000000000e+00
3,13,  0.000000000000e+00
3,14,  0.000000000000e+00
3,15,  0.000000000000e+00
3,16,  0.000000000000e+00
3,17,  0.000000000000e+00
3,18, -1.042401306050e-01
3,19,  0.000000000000e+00
3,20,  0.000000000000e+00
3,21,  0.000000000000e+00
3,22,  0.000000000000e+00
3,23,  0.000000000000e+00
3,24,  0.000000000000e+00
3,25,  0.000000000000e+00
3,26,  0.000000000000e+00
3,27, -2.510096787812e+00
3,28,  0.000000000000e+00
3,29,  0.000000000000e+00
3,30,  0.000000000000e+00
3,31,  0.000000000000e+00
3,32,  0.000000000000e+00
3,33,  0.000000000000e+00
3,34,  0.000000000000e+00
3,35,  0.000000000000e+00
3,36,  0.000000000000e+00
3,37,  0.000000000000e+00
3,38,  0.000000000000e+00
3,39,  0.000000000000e+00
3,40,  0.000000000000e+00
3,41,  0.000000000000e+00
3,42,  0.000000000000e+00
3,43,  0.000000000000e+00
3,44,  0.000000000000e+00
3,45,  0.000000000000e+00
3,46, -3.883527513003e+00
3,47,  0.000000000000e+00
3,48,  0.000000000000e+00
3,49,  0.000000000000e+00
3,50,  0.000000000000e+00
3,51,  0.000000000000e+00
3,52,  0.000000000000e+00
3,53,  0.000000000000e+00
3,54,  0.000000000000e+00
3,55,  0.000000000000e+00
3,56,  0.000000000000e+00
3,57,  0.000000000000e+00
3,58,  0.000000000000e+00
4,0,  1.643756140998e-05
4,1, -9.857758873958e-05
4,2,  0.000000000000e+00
4,3,  0.000000000000e+00
4,4,  0.000000000000e+00
4,5, -5.733722649598e-03
4,6,  0.000000000000e+00
4,7,  0.000000000000e+00
4,8,  0.000000000000e+00
4,9,  1.229908213275e-02
4,10,  0.000000000000e+00
4,11,  0.000000000000e+00
4,12,  0.000000000000e+00
4,13,  0.000000000000e+00
4,14,  0.000000000000e+00
4,15,  0.000000000000e+00
4,16,  0.000000000000e+00
4,17,  0.000000000000e+00
4,18,  3.474036000096e-02
4,19,  0.000000000000e+00
4,20,  0.000000000000e+00
4,21,  0.000000000000e+00
4,22,  0.000000000000e+00
4,23,  0.000000000000e+00
4,24,  0.000000000000e+00
4,25,  0.000000000000e+00
4,26,  0.000000000000e+00
4,27,  1.342633820224e-01
4,28,  0.000000000000e+00
4,29,  0.000000000000e+00
4,30,  0.000000000000e+00
4,31,  0.000000000000e+00
4,32,  0.000000000000e+00
4,33,  0.000000000000e+00
4,34,  0.000000000000e+00
4,35,  0.000000000000e+00
4,36,  0.000000000000e+00
4,37,  0.000000000000e+00
4,38,  0.000000000000e+00
4,39,  0.000000000000e+00
4,40,  0.000000000000e+00
4,41,  0.000000000000e+00
4,42,  0.000000000000e+00
4,43,  0.000000000000e+00
4,44,  0.000000000000e+00
4,45,  0.000000000000e+00
4,46,  2.135242598590e+00
4,47,  0.000000000000e+00
4,48,  0.000000000000e+00
4,49,  0.000000000000e+00
4,50,  0.000000000000e+00
4,51,  0.000000000000e+00
4,52,  0.000000000000e+00
4,53,  0.000000000000e+00
4,54,  0.000000000000e+00
4,55,  0.000000000000e+00
4,56,  0.000000000000e+00
4,57,  0.000000000000e+00
4,58,  0.000000000000e+00
5,0,  6.514775982084e-05
5,1, -3.562960765856e-04
5,2,  0.000000000000e+00
5,3,  0.000000000000e+00
5,4,  0.000000000000e+00
5,5, -2.259069999229e-03
5,6,  0.000000000000e+00
5,7,  0.000000000000e+00
5,8,  0.000000000000e+00
5,9,  2.408921609709e-01
5,10,  0.000000000000e+00
5,11,  0.000000000000e+00
5,12,  0.000000000000e+00
5,13,  0.000000000000e+00
5,14,  0.000000000000e+00
5,15,  0.000000000000e+00
5,16,  0.000000000000e+00
5,17,  0.000000000000e+00
5,18,  1.747738676472e+00
5,19,  0.000000000000e+00
5,20,  0.000000000000e+00
5,21,  0.000000000000e+00
5,22,  0.000000000000e+00
5,23,  0.000000000000e+00
5,24,  0.000000000000e+00
5,25,  0.000000000000e+00
5,26,  0.000000000000e+00
5,27,  4.197691690004e+00
5,28,  0.000000000000e+00
5,29,  0.000000000000e+00
5,30,  0.000000000000e+00
5,31,  0.000000000000e+00
5,32,  0.000000000000e+00
5,33,  0.000000000000e+00
5,34,  0.000000000000e+00
5,35,  0.000000000000e+00
5,36,  0.000000000000e+00
5,37,  0.000000000000e+00
5,38,  0.000000000000e+00
5,39,  0.000000000000e+00
5,40,  0.000000000000e+00
5,41,  0.000000000000e+00
5,42,  0.000000000000e+00
5,43,  0.000000000000e+00
5,44,  0.000000000000e+00
5,45,  0.000000000000e+00
5,46,  4.045600121494e+00
5,47,  0.000000000000e+00
5,48,  0.000000000000e+00
5,49,  0.000000000000e+00
5,50,  0.000000000000e+00
5,51,  0.000000000000e+00
5,52,  0.000000000000e+00
5,53,  0.000000000000e+00
5,54,  0.000000000000e+00
5,55,  0.000000000000e+00
5,56,  0.000000000000e+00
5,57,  0.000000000000e+00
5,58,  0.000000000000e+00
6,0, -2.326320027364e-05
6,1,  1.152271424576e-04
6,2,  0.000000000000e+00
6,3,  0.000000000000e+00
6,4,  0.000000000000e+00
6,5,  9.752537122905e-04
6,6,  0.000000000000e+00
6,7,  0.000000000000e+00
6,8,  0.000000000000e+00
6,9,  5.247949295596e-03
6,10,  0.000000000000e+00
6,11,  0.000000000000e+00
6,12,  0.000000000000e+00
6,13,  0.000000000000e+00
6,14,  0.000000000000e+00
6,15,  0.000000000000e+00
6,16,  0.000000000000e+00
6,17,  0.000000000000e+00
6,18, -2.161421327387e+00
6,19,  0.000000000000e+00
6,20,  0.000000000000e+00
6,21,  0.000000000000e+00
6,22,  0.000000000000e+00
6,23,  0.000000000000e+00
6,24,  0.000000000000e+00
6,25,  0.000000000000e+00
6,26,  0.000000000000e+00
6,27, -1.930451025501e+00
6,28,  0.000000000000e+00
6,29,  0.000000000000e+00
6,30,  0.000000000000e+00
6,31,  0.000000000000e+00
6,32,  0.000000000000e+00
6,33,  0.000000000000e+00
6,34,  0.000000000000e+00
6,35,  0.000000000000e+00
6,36,  0.000000000000e+00
6,37,  0.000000000000e+00
6,38,  0.000000000000e+00
6,39,  0.000000000000e+00
6,40,  0.000000000000e+00
6,41,  0.000000000000e+00
6,42,  0.000000000000e+00
6,43,  0.000000000000e+00
6,44,  0.000000000000e+00
6,45,  0.000000000000e+00
6,46, -1.385583993991e+00
6,47,  0.000000000000e+00
6,48,  0.000000000000e+00
6,49,  0.000000000000e+00
6,50,  0.000000000000e+00
6,51,  0.000000000000e+00
6,52,  0.000000000000e+00
6,53,  0.000000000000e+00
6,54,  0.000000000000e+00
6,55,  0.000000000000e+00
6,56,  0.000000000000e+00
6,57,  0.000000000000e+00
6,58,  0.000000000000e+00
7,0,  0.000000000000e+00
7,1,  0.000000000000e+00
7,2,  0.000000000000e+00
7,3,  0.000000000000e+00
7,4, -9.999683185403e-01
7,5,  0.000000000000e+00
7,6,  0.000000000000e+00
7,7,  0.000000000000e+00
7,8,  8.019511371324e-03
7,9,  0.000000000000e+00
7,10,  0.000000000000e+00
7,11,  0.000000000000e+00
7,12,  0.000000000000e+00
7,13,  0.000000000000e+00
7,14,  0.000000000000e+00
7,15,  0.000000000000e+00
7,16,  0.000000000000e+00
7,17,  1.964415560013e-04
7,18,  0.000000000000e+00
7,19,  0.000000000000e+00
7,20,  0.000000000000e+00
7,21,  0.000000000000e+00
7,22,  0.000000000000e+00
7,23,  0.000000000000e+00
7,24,  0.000000000000e+00
7,25,  0.000000000000e+00
7,26,  4.695816427189e-03
7,27,  0.000000000000e+00
7,28,  0.000000000000e+00
7,29,  0.000000000000e+00
7,30, -1.612347158884e-02
7,31,  0.000000000000e+00
7,32,  0.000000000000e+00
7,33,  0.000000000000e+00
7,34,  0.000000000000e+00
7,35,  0.000000000000e+00
7,36,  0.000000000000e+00
7,37,  0.000000000000e+00
7,38,  0.000000000000e+00
7,39,  0.000000000000e+00
7,40,  0.000000000000e+00
7,41,  0.000000000000e+00
7,42,  0.000000000000e+00
7,43,  0.000000000000e+00
7,44,  0.000000000000e+00
7,45,  2.598945886195e-02
7,46,  0.000000000000e+00
7,47,  0.000000000000e+00
7,48,  0.000000000000e+00
7,49,  0.000000000000e+00
7,50,  0.000000000000e+00
7,51,  0.000000000000e+00
7,52,  0.000000000000e+00
7,53,  0.000000000000e+00
7,54,  0.000000000000e+00
7,55,  0.000000000000e+00
7,56,  0.000000000000e+00
7,57,  0.000000000000e+00
7,58,  0.000000000000e+00
8,0,  0.000000000000e+00
8,1,  0.000000000000e+00
8,2, -9.999683185403e-01
8,3,  0.000000000000e+00
8,4,  0.000000000000e+00
8,5,  0.000000000000e+00
8,6,  8.019511371473e-03
8,7,  0.000000000000e+00
8,8,  0.000000000000e+00
8,9,  0.000000000000e+00
8,10,  0.000000000000e+00
8,11,  0.000000000000e+00
8,12,  0.000000000000e+00
8,13,  0.000000000000e+00
8,14,  0.000000000000e+00
8,15,  1.964415552847e-04
8,16,  0.000000000000e+00
8,17,  0.000000000000e+00
8,18,  0.000000000000e+00
8,19,  0.000000000000e+00
8,20,  0.000000000000e+00
8,21,  0.000000000000e+00
8,22,  0.000000000000e+00
8,23,  0.000000000000e+00
8,24,  4.695816428425e-03
8,25,  0.000000000000e+00
8,26,  0.000000000000e+00
8,27,  0.000000000000e+00
8,28, -1.612347158862e-02
8,29,  0.000000000000e+00
8,30,  0.000000000000e+00
8,31,  0.000000000000e+00
8,32,  0.000000000000e+00
8,33,  0.000000000000e+00
8,34,  0.000000000000e+00
8,35,  0.000000000000e+00
8,36,  0.000000000000e+00
8,37,  0.000000000000e+00
8,38,  0.000000000000e+00
8,39,  0.000000000000e+00
8,40,  0.000000000000e+00
8,41,  0.000000000000e+00
8,42,  0.000000000000e+00
8,43,  2.598945886192e-02
8,44,  0.000000000000e+00
8,45,  0.000000000000e+00
8,46,  0.000000000000e+00
8,47,  0.000000000000e+00
8,48,  0.000000000000e+00
8,49,  0.000000000000e+00
8,50,  0.000000000000e+00
8,51,  0.000000000000e+00
8,52,  0.000000000000e+00
8,53,  0.000000000000e+00
8,54,  0.000000000000e+00
8,55,  0.000000000000e+00
8,56,  0.000000000000e+00
8,57,  0.000000000000e+00
8,58,  0.000000000000e+00
9,0,  0.000000000000e+00
9,1,  0.000000000000e+00
9,2,  0.000000000000e+00
9,3, -9.999683185403e-01
9,4,  0.000000000000e+00
9,5,  0.000000000000e+00
9,6,  0.000000000000e+00
9,7,  8.019511371559e-03
9,8,  0.000000000000e+00
9,9,  0.000000000000e+00
9,10,  0.000000000000e+00
9,11,  0.000000000000e+00
9,12,  0.000000000000e+00
9,13,  0.000000000000e+00
9,14,  0.000000000000e+00
9,15,  0.000000000000e+00
9,16,  1.964415566154e-04
9,17,  0.000000000000e+00
9,18,  0.000000000000e+00
9,19,  0.000000000000e+00
9,20,  0.000000000000e+00
9,21,  0.000000000000e+00
9,22,  0.000000000000e+00
9,23,  0.000000000000e+00
9,24,  0.000000000000e+00
9,25,  4.695816427401e-03
9,26,  0.000000000000e+00
9,27,  0.000000000000e+00
9,28,  0.000000000000e+00
9,29, -1.612347158875e-02
9,30,  0.000000000000e+00
9,31,  0.000000000000e+00
9,32,  0.000000000000e+00
9,33,  0.000000000000e+00
9,34,  0.000000000000e+00
9,35,  0.000000000000e+00
9,36,  0.000000000000e+00
9,37,  0.000000000000e+00
9,38,  0.000000000000e+00
9,39,  0.000000000000e+00
9,40,  0.000000000000e+00
9,41,  0.000000000000e+00
9,42,  0.000000000000e+00
9,43,  0.000000000000e+00
9,44,  2.598945886199e-02
9,45,  0.000000000000e+00
9,46,  0.000000000000e+00
9,47,  0.000000000000e+00
9,48,  0.000000000000e+00
9,49,  0.000000000000e+00
9,50,  0.000000000000e+00
9,51,  0.000000000000e+00
9,52,  0.000000000000e+00
9,53,  0.000000000000e+00
9,54,  0.000000000000e+00
9,55,  0.000000000000e+00
9,56,  0.000000000000e+00
9,57,  0.000000000000e+00
9,58,  0.000000000000e+00
10,0,  0.000000000000e+00
10,1,  0.000000000000e+00
10,2,  0.000000000000e+00
10,3,  0.000000000000e+00
10,4, -8.098430338665e-03
10,5,  0.000000000000e+00
10,6,  0.000000000000e+00
10,7,  0.000000000000e+00
10,8, -1.000616853269e+00
10,9,  0.000000000000e+00
10,10,  0.000000000000e+00
10,11,  0.000000000000e+00
10,12,  0.000000000000e+00
10,13,  0.000000000000e+00
10,14,  0.000000000000e+00
10,15,  0.000000000000e+00
10,16,  0.000000000000e+00
10,17, -7.264881046948e-03
10,18,  0.000000000000e+00
10,19,  0.000000000000e+00
10,20,  0.000000000000e+00
10,21,  0.000000000000e+00
10,22,  0.000000000000e+00
10,23,  0.000000000000e+00
10,24,  0.000000000000e+00
10,25,  0.000000000000e+00
10,26,  9.286767946437e-02
10,27,  0.000000000000e+00
10,28,  0.000000000000e+00
10,29,  0.000000000000e+00
10,30, -2.537274199167e-01
10,31,  0.000000000000e+00
10,32,  0.000000000000e+00
10,33,  0.000000000000e+00
10,34,  0.000000000000e+00
10,35,  0.000000000000e+00
10,36,  0.000000000000e+00
10,37,  0.000000000000e+00
10,38,  0.000000000000e+00
10,39,  0.000000000000e+00
10,40,  0.000000000000e+00
10,41,  0.000000000000e+00
10,42,  0.000000000000e+00
10,43,  0.000000000000e+00
10,44,  0.000000000000e+00
10,45,  3.147295214668e-01
10,46,  0.000000000000e+00
10,47,  0.000000000000e+00
10,48,  0.000000000000e+00
10,49,  0.000000000000e+00
10,50,  0.000000000000e+00
10,51,  0.000000000000e+00
10,52,  0.000000000000e+00
10,53,  0.000000000000e+00
10,54,  0.000000000000e+00
10,55,  0.000000000000e+00
10,56,  0.000000000000e+00
10,57,  0.000000000000e+00
10,58,  0.000000000000e+00
11,0,  0.000000000000e+00
11,1,  0.000000000000e+00
11,2, -8.098430338795e-03
11,3,  0.000000000000e+00
11,4,  0.000000000000e+00
11,5,  0.000000000000e+00
11,6, -1.000616853269e+00
11,7,  0.000000000000e+00
11,8,  0.000000000000e+00
11,9,  0.000000000000e+00
11,10,  0.000000000000e+00
11,11,  0.000000000000e+00
11,12,  0.000000000000e+00
11,13,  0.000000000000e+00
11,14,  0.000000000000e+00
11,15, -7.264881064038e-03
11,16,  0.000000000000e+00
11,17,  0.000000000000e+00
11,18,  0.000000000000e+00
11,19,  0.000000000000e+00
11,20,  0.000000000000e+00
11,21,  0.000000000000e+00
11,22,  0.000000000000e+00
11,23,  0.000000000000e+00
11,24,  9.286767947768e-02
11,25,  0.000000000000e+00
11,26,  0.000000000000e+00
11,27,  0.000000000000e+00
11,28, -2.537274199129e-01
11,29,  0.000000000000e+00
11,30,  0.000000000000e+00
11,31,  0.000000000000e+00
11,32,  0.000000000000e+00
11,33,  0.000000000000e+00
11,34,  0.000000000000e+00
11,35,  0.000000000000e+00
11,36,  0.000000000000e+00
11,37,  0.000000000000e+00
11,38,  0.000000000000e+00
11,39,  0.000000000000e+00
11,40,  0.000000000000e+00
11,41,  0.000000000000e+00
11,42,  0.000000000000e+00
11,43,  3.147295214655e-01
11,44,  0.000000000000e+00
11,45,  0.000000000000e+00
11,46,  0.000000000000e+00
11,47,  0.000000000000e+00
11,48,  0.000000000000e+00
11,49,  0.000000000000e+00
11,50,  0.000000000000e+00
11,51,  0.000000000000e+00
11,52,  0.000000000000e+00
11,53,  0.000000000000e+00
11,54,  0.000000000000e+00
11,55,  0.000000000000e+00
11,56,  0.000000000000e+00
11,57,  0.000000000000e+00
11,58,  0.000000000000e+00
12,0,  0.000000000000e+00
12,1,  0.000000000000e+00
12,2,  0.000000000000e+00
12,3, -8.098430338877e-03
12,4,  0.000000000000e+00
12,5,  0.000000000000e+00
12,6,  0.000000000000e+00
12,7, -1.000616853269e+00
12,8,  0.000000000000e+00
12,9,  0.000000000000e+00
12,10,  0.000000000000e+00
12,11,  0.000000000000e+00
12,12,  0.000000000000e+00
12,13,  0.000000000000e+00
12,14,  0.000000000000e+00
12,15,  0.000000000000e+00
12,16, -7.264881037252e-03
12,17,  0.000000000000e+00
12,18,  0.000000000000e+00
12,19,  0.000000000000e+00
12,20,  0.000000000000e+00
12,21,  0.000000000000e+00
12,22,  0.000000000000e+00
12,23,  0.000000000000e+00
12,24,  0.000000000000e+00
12,25,  9.286767946675e-02
12,26,  0.000000000000e+00
12,27,  0.000000000000e+00
12,28,  0.000000000000e+00
12,29, -2.537274199173e-01
12,30,  0.000000000000e+00
12,31,  0.000000000000e+00
12,32,  0.000000000000e+00
12,33,  0.000000000000e+00
12,34,  0.000000000000e+00
12,35,  0.000000000000e+00
12,36,  0.000000000000e+00
12,37,  0.000000000000e+00
12,38,  0.000000000000e+00
12,39,  0.000000000000e+00
12,40,  0.000000000000e+00
12,41,  0.000000000000e+00
12,42,  0.000000000000e+00
12,43,  0.000000000000e+00
12,44,  3.147295214665e-01
12,45,  0.000000000000e+00
12,46,  0.000000000000e+00
12,47,  0.000000000000e+00
12,48,  0.000000000000e+00
12,49,  0.000000000000e+00
12,50,  0.000000000000e+00
12,51,  0.000000000000e+00
12,52,  0.000000000000e+00
12,53,  0.000000000000e+00
12,54,  0.000000000000e+00
12,55,  0.000000000000e+00
12,56,  0.000000000000e+00
12,57,  0.000000000000e+00
12,58,  0.000000000000e+00
13,0,  0.000000000000e+00
13,1,  0.000000000000e+00
13,2,  0.000000000000e+00
13,3,  0.000000000000e+00
13,4, -4.871455406956e-04
13,5,  0.000000000000e+00
13,6,  0.000000000000e+00
13,7,  0.000000000000e+00
13,8, -3.671496629892e-02
13,9,  0.000000000000e+00
13,10,  0.000000000000e+00
13,11,  0.000000000000e+00
13,12,  0.000000000000e+00
13,13,  0.000000000000e+00
13,14,  0.000000000000e+00
13,15,  0.000000000000e+00
13,16,  0.000000000000e+00
13,17,  4.839655998159e-01
13,18,  0.000000000000e+00
13,19,  0.000000000000e+00
13,20,  0.000000000000e+00
13,21,  0.000000000000e+00
13,22,  0.000000000000e+00
13,23,  0.000000000000e+00
13,24,  0.000000000000e+00
13,25,  0.000000000000e+00
13,26,  3.755845161861e-01
13,27,  0.000000000000e+00
13,28,  0.000000000000e+00
13,29,  0.000000000000e+00
13,30, -5.074459811164e+00
13,31,  0.000000000000e+00
13,32,  0.000000000000e+00
13,33,  0.000000000000e+00
13,34,  0.000000000000e+00
13,35,  0.000000000000e+00
13,36,  0.000000000000e+00
13,37,  0.000000000000e+00
13,38,  0.000000000000e+00
13,39,  0.000000000000e+00
13,40,  0.000000000000e+00
13,41,  0.000000000000e+00
13,42,  0.000000000000e+00
13,43,  0.000000000000e+00
13,44,  0.000000000000e+00
13,45,  1.211837339786e+01
13,46,  0.000000000000e+00
13,47,  0.000000000000e+00
13,48,  0.000000000000e+00
13,49,  0.000000000000e+00
13,50,  0.000000000000e+00
13,51,  0.000000000000e+00
13,52,  0.000000000000e+00
13,53,  0.000000000000e+00
13,54,  0.000000000000e+00
13,55,  0.000000000000e+00
13,56,  0.000000000000e+00
13,57,  0.000000000000e+00
13,58,  0.000000000000e+00
14,0,  0.000000000000e+00
14,1,  0.000000000000e+00
14,2, -4.871455408509e-04
14,3,  0.000000000000e+00
14,4,  0.000000000000e+00
14,5,  0.000000000000e+00
14,6, -3.671496631096e-02
14,7,  0.000000000000e+00
14,8,  0.000000000000e+00
14,9,  0.000000000000e+00
14,10,  0.000000000000e+00
14,11,  0.000000000000e+00
14,12,  0.000000000000e+00
14,13,  0.000000000000e+00
14,14,  0.000000000000e+00
14,15,  4.839655997220e-01
14,16,  0.000000000000e+00
14,17,  0.000000000000e+00
14,18,  0.000000000000e+00
14,19,  0.000000000000e+00
14,20,  0.000000000000e+00
14,21,  0.000000000000e+00
14,22,  0.000000000000e+00
14,23,  0.000000000000e+00
14,24,  3.755845165432e-01
14,25,  0.000000000000e+00
14,26,  0.000000000000e+00
14,27,  0.000000000000e+00
14,28, -5.074459811125e+00
14,29,  0.000000000000e+00
14,30,  0.000000000000e+00
14,31,  0.000000000000e+00
14,32,  0.000000000000e+00
14,33,  0.000000000000e+00
14,34,  0.000000000000e+00
14,35,  0.000000000000e+00
14,36,  0.000000000000e+00
14,37,  0.000000000000e+00
14,38,  0.000000000000e+00
14,39,  0.000000000000e+00
14,40,  0.000000000000e+00
14,41,  0.000000000000e+00
14,42,  0.000000000000e+00
14,43,  1.211837339787e+01
14,44,  0.000000000000e+00
14,45,  0.000000000000e+00
14,46,  0.000000000000e+00
14,47,  0.000000000000e+00
14,48,  0.000000000000e+00
14,49,  0.000000000000e+00
14,50,  0.000000000000e+00
14,51,  0.000000000000e+00
14,52,  0.000000000000e+00
14,53,  0.000000000000e+00
14,54,  0.000000000000e+00
14,55,  0.000000000000e+00
14,56,  0.000000000000e+00
14,57,  0.000000000000e+00
14,58,  0.000000000000e+00
15,0,  0.000000000000e+00
15,1,  0.000000000000e+00
15,2,  0.000000000000e+00
15,3, -4.871455402544e-04
15,4,  0.000000000000e+00
15,5,  0.000000000000e+00
15,6,  0.000000000000e+00
15,7, -3.671496629487e-02
15,8,  0.000000000000e+00
15,9,  0.000000000000e+00
15,10,  0.000000000000e+00
15,11,  0.000000000000e+00
15,12,  0.000000000000e+00
15,13,  0.000000000000e+00
15,14,  0.000000000000e+00
15,15,  0.000000000000e+00
15,16,  4.839655999424e-01
15,17,  0.000000000000e+00
15,18,  0.000000000000e+00
15,19,  0.000000000000e+00
15,20,  0.000000000000e+00
15,21,  0.000000000000e+00
15,22,  0.000000000000e+00
15,23,  0.000000000000e+00
15,24,  0.000000000000e+00
15,25,  3.755845162191e-01
15,26,  0.000000000000e+00
15,27,  0.000000000000e+00
15,28,  0.000000000000e+00
15,29, -5.074459811155e+00
15,30,  0.000000000000e+00
15,31,  0.000000000000e+00
15,32,  0.000000000000e+00
15,33,  0.000000000000e+00
15,34,  0.000000000000e+00
15,35,  0.000000000000e+00
15,36,  0.000000000000e+00
15,37,  0.000000000000e+00
15,38,  0.000000000000e+00
15,39,  0.000000000000e+00
15,40,  0.000000000000e+00
15,41,  0.000000000000e+00
15,42,  0.000000000000e+00
15,43,  0.000000000000e+00
15,44,  1.211837339786e+01
15,45,  0.000000000000e+00
15,46,  0.000000000000e+00
15,47,  0.000000000000e+00
15,48,  0.000000000000e+00
15,49,  0.000000000000e+00
15,50,  0.000000000000e+00
15,51,  0.000000000000e+00
15,52,  0.000000000000e+00
15,53,  0.000000000000e+00
15,54,  0.000000000000e+00
15,55,  0.000000000000e+00
15,56,  0.000000000000e+00
15,57,  0.000000000000e+00
15,58,  0.000000000000e+00
16,0,  0.000000000000e+00
16,1,  0.000000000000e+00
16,2,  0.000000000000e+00
16,3,  0.000000000000e+00
16,4,  5.079414018436e-04
16,5,  0.000000000000e+00
16,6,  0.000000000000e+00
16,7,  0.000000000000e+00
16,8,  4.066765678359e-02
16,9,  0.000000000000e+00
16,10,  0.000000000000e+00
16,11,  0.000000000000e+00
16,12,  0.000000000000e+00
16,13,  0.000000000000e+00
16,14,  0.000000000000e+00
16,15,  0.000000000000e+00
16,16,  0.000000000000e+00
16,17, -2.793028315799e-01
16,18,  0.000000000000e+00
16,19,  0.000000000000e+00
16,20,  0.000000000000e+00
16,21,  0.000000000000e+00
16,22,  0.000000000000e+00
16,23,  0.000000000000e+00
16,24,  0.000000000000e+00
16,25,  0.000000000000e+00
16,26, -4.434973897382e-01
16,27,  0.000000000000e+00
16,28,  0.000000000000e+00
16,29,  0.000000000000e+00
16,30,  3.411083656525e+00
16,31,  0.000000000000e+00
16,32,  0.000000000000e+00
16,33,  0.000000000000e+00
16,34,  0.000000000000e+00
16,35,  0.000000000000e+00
16,36,  0.000000000000e+00
16,37,  0.000000000000e+00
16,38,  0.000000000000e+00
16,39,  0.000000000000e+00
16,40,  0.000000000000e+00
16,41,  0.000000000000e+00
16,42,  0.000000000000e+00
16,43,  0.000000000000e+00
16,44,  0.000000000000e+00
16,45, -1.166896728490e+01
16,46,  0.000000000000e+00
16,47,  0.000000000000e+00
16,48,  0.000000000000e+00
16,49,  0.000000000000e+00
16,50,  0.000000000000e+00
16,51,  0.000000000000e+00
16,52,  0.000000000000e+00
16,53,  0.000000000000e+00
16,54,  0.000000000000e+00
16,55,  0.000000000000e+00
16,56,  0.000000000000e+00
16,57,  0.000000000000e+00
16,58,  0.000000000000e+00
17,0,  0.000000000000e+00
17,1,  0.000000000000e+00
17,2,  5.079414021360e-04
17,3,  0.000000000000e+00
17,4,  0.000000000000e+00
17,5,  0.000000000000e+00
17,6,  4.066765679775e-02
17,7,  0.000000000000e+00
17,8,  0.000000000000e+00
17,9,  0.000000000000e+00
17,10,  0.000000000000e+00
17,11,  0.000000000000e+00
17,12,  0.000000000000e+00
17,13,  0.000000000000e+00
17,14,  0.000000000000e+00
17,15, -2.793028315121e-01
17,16,  0.000000000000e+00
17,17,  0.000000000000e+00
17,18,  0.000000000000e+00
17,19,  0.000000000000e+00
17,20,  0.000000000000e+00
17,21,  0.000000000000e+00
17,22,  0.000000000000e+00
17,23,  0.000000000000e+00
17,24, -4.434973899824e-01
17,25,  0.000000000000e+00
17,26,  0.000000000000e+00
17,27,  0.000000000000e+00
17,28,  3.411083656480e+00
17,29,  0.000000000000e+00
17,30,  0.000000000000e+00
17,31,  0.000000000000e+00
17,32,  0.000000000000e+00
17,33,  0.000000000000e+00
17,34,  0.000000000000e+00
17,35,  0.000000000000e+00
17,36,  0.000000000000e+00
17,37,  0.000000000000e+00
17,38,  0.000000000000e+00
17,39,  0.000000000000e+00
17,40,  0.000000000000e+00
17,41,  0.000000000000e+00
17,42,  0.000000000000e+00
17,43, -1.166896728491e+01
17,44,  0.000000000000e+00
17,45,  0.000000000000e+00
17,46,  0.000000000000e+00
17,47,  0.000000000000e+00
17,48,  0.000000000000e+00
17,49,  0.000000000000e+00
17,50,  0.000000000000e+00
17,51,  0.000000000000e+00
17,52,  0.000000000000e+00
17,53,  0.000000000000e+00
17,54,  0.000000000000e+00
17,55,  0.000000000000e+00
17,56,  0.000000000000e+00
17,57,  0.000000000000e+00
17,58,  0.000000000000e+00
18,0,  0.000000000000e+00
18,1,  0.000000000000e+00
18,2,  0.000000000000e+00
18,3,  5.079414013288e-04
18,4,  0.000000000000e+00
18,5,  0.000000000000e+00
18,6,  0.000000000000e+00
18,7,  4.066765678078e-02
18,8,  0.000000000000e+00
18,9,  0.000000000000e+00
18,10,  0.000000000000e+00
18,11,  0.000000000000e+00
18,12,  0.000000000000e+00
18,13,  0.000000000000e+00
18,14,  0.000000000000e+00
18,15,  0.000000000000e+00
18,16, -2.793028316792e-01
18,17,  0.000000000000e+00
18,18,  0.000000000000e+00
18,19,  0.000000000000e+00
18,20,  0.000000000000e+00
18,21,  0.000000000000e+00
18,22,  0.000000000000e+00
18,23,  0.000000000000e+00
18,24,  0.000000000000e+00
18,25, -4.434973897749e-01
18,26,  0.000000000000e+00
18,27,  0.000000000000e+00
18,28,  0.000000000000e+00
18,29,  3.411083656520e+00
18,30,  0.000000000000e+00
18,31,  0.000000000000e+00
18,32,  0.000000000000e+00
18,33,  0.000000000000e+00
18,34,  0.000000000000e+00
18,35,  0.000000000000e+00
18,36,  0.000000000000e+00
18,37,  0.000000000000e+00
18,38,  0.000000000000e+00
18,39,  0.000000000000e+00
18,40,  0.000000000000e+00
18,41,  0.000000000000e+00
18,42,  0.000000000000e+00
18,43,  0.000000000000e+00
18,44, -1.166896728490e+01
18,45,  0.000000000000e+00
18,46,  0.000000000000e+00
18,47,  0.000000000000e+00
18,48,  0.000000000000e+00
18,49,  0.000000000000e+00
18,50,  0.000000000000e+00
18,51,  0.000000000000e+00
18,52,  0.000000000000e+00
18,53,  0.000000000000e+00
18,54,  0.000000000000e+00
18,55,  0.000000000000e+00
18,56,  0.000000000000e+00
18,57,  0.000000000000e+00
18,58,  0.000000000000e+00
19,0,  0.000000000000e+00
19,1,  0.000000000000e+00
19,2,  0.000000000000e+00
19,3,  0.000000000000e+00
19,4,  3.582053689135e-05
19,5,  0.000000000000e+00
19,6,  0.000000000000e+00
19,7,  0.000000000000e+00
19,8, -1.982815561677e-04
19,9,  0.000000000000e+00
19,10,  0.000000000000e+00
19,11,  0.000000000000e+00
19,12,  0.000000000000e+00
19,13,  0.000000000000e+00
19,14,  0.000000000000e+00
19,15,  0.000000000000e+00
19,16,  0.000000000000e+00
19,17, -7.668836674435e-02
19,18,  0.000000000000e+00
19,19,  0.000000000000e+00
19,20,  0.000000000000e+00
19,21,  0.000000000000e+00
19,22,  0.000000000000e+00
19,23,  0.000000000000e+00
19,24,  0.000000000000e+00
19,25,  0.000000000000e+00
19,26, -1.440513883613e+00
19,27,  0.000000000000e+00
19,28,  0.000000000000e+00
19,29,  0.000000000000e+00
19,30,  2.006670483165e+00
19,31,  0.000000000000e+00
19,32,  0.000000000000e+00
19,33,  0.000000000000e+00
19,34,  0.000000000000e+00
19,35,  0.000000000000e+00
19,36,  0.000000000000e+00
19,37,  0.000000000000e+00
19,38,  0.000000000000e+00
19,39,  0.000000000000e+00
19,40,  0.000000000000e+00
19,41,  0.000000000000e+00
19,42,  0.000000000000e+00
19,43,  0.000000000000e+00
19,44,  0.000000000000e+00
19,45, -1.152006862259e+00
19,46,  0.000000000000e+00
19,47,  0.000000000000e+00
19,48,  0.000000000000e+00
19,49,  0.000000000000e+00
19,50,  0.000000000000e+00
19,51,  0.000000000000e+00
19,52,  0.000000000000e+00
19,53,  0.000000000000e+00
19,54,  0.000000000000e+00
19,55,  0.000000000000e+00
19,56,  0.000000000000e+00
19,57,  0.000000000000e+00
19,58,  0.000000000000e+00
20,0,  0.000000000000e+00
20,1,  0.000000000000e+00
20,2,  3.582053633803e-05
20,3,  0.000000000000e+00
20,4,  0.000000000000e+00
20,5,  0.000000000000e+00
20,6, -1.982815577750e-04
20,7,  0.000000000000e+00
20,8,  0.000000000000e+00
20,9,  0.000000000000e+00
20,10,  0.000000000000e+00
20,11,  0.000000000000e+00
20,12,  0.000000000000e+00
20,13,  0.000000000000e+00
20,14,  0.000000000000e+00
20,15, -7.668836654415e-02
20,16,  0.000000000000e+00
20,17,  0.000000000000e+00
20,18,  0.000000000000e+00
20,19,  0.000000000000e+00
20,20,  0.000000000000e+00
20,21,  0.000000000000e+00
20,22,  0.000000000000e+00
20,23,  0.000000000000e+00
20,24, -1.440513883731e+00
20,25,  0.000000000000e+00
20,26,  0.000000000000e+00
20,27,  0.000000000000e+00
20,28,  2.006670483087e+00
20,29,  0.000000000000e+00
20,30,  0.000000000000e+00
20,31,  0.000000000000e+00
20,32,  0.000000000000e+00
20,33,  0.000000000000e+00
20,34,  0.000000000000e+00
20,35,  0.000000000000e+00
20,36,  0.000000000000e+00
20,37,  0.000000000000e+00
20,38,  0.000000000000e+00
20,39,  0.000000000000e+00
20,40,  0.000000000000e+00
20,41,  0.000000000000e+00
20,42,  0.000000000000e+00
20,43, -1.152006862260e+00
20,44,  0.000000000000e+00
20,45,  0.000000000000e+00
20,46,  0.000000000000e+00
20,47,  0.000000000000e+00
20,48,  0.000000000000e+00
20,49,  0.000000000000e+00
20,50,  0.000000000000e+00
20,51,  0.000000000000e+00
20,52,  0.000000000000e+00
20,53,  0.000000000000e+00
20,54,  0.000000000000e+00
20,55,  0.000000000000e+00
20,56,  0.000000000000e+00
20,57,  0.000000000000e+00
20,58,  0.000000000000e+00
21,0,  0.000000000000e+00
21,1,  0.000000000000e+00
21,2,  0.000000000000e+00
21,3,  3.582053686892e-05
21,4,  0.000000000000e+00
21,5,  0.000000000000e+00
21,6,  0.000000000000e+00
21,7, -1.982815570077e-04
21,8,  0.000000000000e+00
21,9,  0.000000000000e+00
21,10,  0.000000000000e+00
21,11,  0.000000000000e+00
21,12,  0.000000000000e+00
21,13,  0.000000000000e+00
21,14,  0.000000000000e+00
21,15,  0.000000000000e+00
21,16, -7.668836688869e-02
21,17,  0.000000000000e+00
21,18,  0.000000000000e+00
21,19,  0.000000000000e+00
21,20,  0.000000000000e+00
21,21,  0.000000000000e+00
21,22,  0.000000000000e+00
21,23,  0.000000000000e+00
21,24,  0.000000000000e+00
21,25, -1.440513883623e+00
21,26,  0.000000000000e+00
21,27,  0.000000000000e+00
21,28,  0.000000000000e+00
21,29,  2.006670483155e+00
21,30,  0.000000000000e+00
21,31,  0.000000000000e+00
21,32,  0.000000000000e+00
21,33,  0.000000000000e+00
21,34,  0.000000000000e+00
21,35,  0.000000000000e+00
21,36,  0.000000000000e+00
21,37,  0.000000000000e+00
21,38,  0.000000000000e+00
21,39,  0.000000000000e+00
21,40,  0.000000000000e+00
21,41,  0.000000000000e+00
21,42,  0.000000000000e+00
21,43,  0.000000000000e+00
21,44, -1.152006862254e+00
21,45,  0.000000000000e+00
21,46,  0.000000000000e+00
21,47,  0.000000000000e+00
21,48,  0.000000000000e+00
21,49,  0.000000000000e+00
21,50,  0.000000000000e+00
21,51,  0.000000000000e+00
21,52,  0.000000000000e+00
21,53,  0.000000000000e+00
21,54,  0.000000000000e+00
21,55,  0.000000000000e+00
21,56,  0.000000000000e+00
21,57,  0.000000000000e+00
21,58,  0.000000000000e+00
22,0,  0.000000000000e+00
22,1,  0.000000000000e+00
22,2,  0.000000000000e+00
22,3,  0.000000000000e+00
22,4, -1.213248039860e-05
22,5,  0.000000000000e+00
22,6,  0.000000000000e+00
22,7,  0.000000000000e+00
22,8, -1.389529999324e-05
22,9,  0.000000000000e+00
22,10,  0.000000000000e+00
22,11,  0.000000000000e+00
22,12,  0.000000000000e+00
22,13,  0.000000000000e+00
22,14,  0.000000000000e+00
22,15,  0.000000000000e+00
22,16,  0.000000000000e+00
22,17,  9.743191569912e-01
22,18,  0.000000000000e+00
22,19,  0.000000000000e+00
22,20,  0.000000000000e+00
22,21,  0.000000000000e+00
22,22,  0.000000000000e+00
22,23,  0.000000000000e+00
22,24,  0.000000000000e+00
22,25,  0.000000000000e+00
22,26,  1.177835649129e+00
22,27,  0.000000000000e+00
22,28,  0.000000000000e+00
22,29,  0.000000000000e+00
22,30, -7.620210707181e-01
22,31,  0.000000000000e+00
22,32,  0.000000000000e+00
22,33,  0.000000000000e+00
22,34,  0.000000000000e+00
22,35,  0.000000000000e+00
22,36,  0.000000000000e+00
22,37,  0.000000000000e+00
22,38,  0.000000000000e+00
22,39,  0.000000000000e+00
22,40,  0.000000000000e+00
22,41,  0.000000000000e+00
22,42,  0.000000000000e+00
22,43,  0.000000000000e+00
22,44,  0.000000000000e+00
22,45,  3.727497213654e-01
22,46,  0.000000000000e+00
22,47,  0.000000000000e+00
22,48,  0.000000000000e+00
22,49,  0.000000000000e+00
22,50,  0.000000000000e+00
22,51,  0.000000000000e+00
22,52,  0.000000000000e+00
22,53,  0.000000000000e+00
22,54,  0.000000000000e+00
22,55,  0.000000000000e+00
22,56,  0.000000000000e+00
22,57,  0.000000000000e+00
22,58,  0.000000000000e+00
23,0,  0.000000000000e+00
23,1,  0.000000000000e+00
23,2, -1.213247999053e-05
23,3,  0.000000000000e+00
23,4,  0.000000000000e+00
23,5,  0.000000000000e+00
23,6, -1.389530191005e-05
23,7,  0.000000000000e+00
23,8,  0.000000000000e+00
23,9,  0.000000000000e+00
23,10,  0.000000000000e+00
23,11,  0.000000000000e+00
23,12,  0.000000000000e+00
23,13,  0.000000000000e+00
23,14,  0.000000000000e+00
23,15,  9.743191568438e-01
23,16,  0.000000000000e+00
23,17,  0.000000000000e+00
23,18,  0.000000000000e+00
23,19,  0.000000000000e+00
23,20,  0.000000000000e+00
23,21,  0.000000000000e+00
23,22,  0.000000000000e+00
23,23,  0.000000000000e+00
23,24,  1.177835649281e+00
23,25,  0.000000000000e+00
23,26,  0.000000000000e+00
23,27,  0.000000000000e+00
23,28, -7.620210706756e-01
23,29,  0.000000000000e+00
23,30,  0.000000000000e+00
23,31,  0.000000000000e+00
23,32,  0.000000000000e+00
23,33,  0.000000000000e+00
23,34,  0.000000000000e+00
23,35,  0.000000000000e+00
23,36,  0.000000000000e+00
23,37,  0.000000000000e+00
23,38,  0.000000000000e+00
23,39,  0.000000000000e+00
23,40,  0.000000000000e+00
23,41,  0.000000000000e+00
23,42,  0.000000000000e+00
23,43,  3.727497213594e-01
23,44,  0.000000000000e+00
23,45,  0.000000000000e+00
23,46,  0.000000000000e+00
23,47,  0.000000000000e+00
23,48,  0.000000000000e+00
23,49,  0.000000000000e+00
23,50,  0.000000000000e+00
23,51,  0.000000000000e+00
23,52,  0.000000000000e+00
23,53,  0.000000000000e+00
23,54,  0.000000000000e+00
23,55,  0.000000000000e+00
23,56,  0.000000000000e+00
23,57,  0.000000000000e+00
23,58,  0.000000000000e+00
24,0,  0.000000000000e+00
24,1,  0.000000000000e+00
24,2,  0.000000000000e+00
24,3, -1.213248042307e-05
24,4,  0.000000000000e+00
24,5,  0.000000000000e+00
24,6,  0.000000000000e+00
24,7, -1.389530201069e-05
24,8,  0.000000000000e+00
24,9,  0.000000000000e+00
24,10,  0.000000000000e+00
24,11,  0.000000000000e+00
24,12,  0.000000000000e+00
24,13,  0.000000000000e+00
24,14,  0.000000000000e+00
24,15,  0.000000000000e+00
24,16,  9.743191570923e-01
24,17,  0.000000000000e+00
24,18,  0.000000000000e+00
24,19,  0.000000000000e+00
24,20,  0.000000000000e+00
24,21,  0.000000000000e+00
24,22,  0.000000000000e+00
24,23,  0.000000000000e+00
24,24,  0.000000000000e+00
24,25,  1.177835649063e+00
24,26,  0.000000000000e+00
24,27,  0.000000000000e+00
24,28,  0.000000000000e+00
24,29, -7.620210706924e-01
24,30,  0.000000000000e+00
24,31,  0.000000000000e+00
24,32,  0.000000000000e+00
24,33,  0.000000000000e+00
24,34,  0.000000000000e+00
24,35,  0.000000000000e+00
24,36,  0.000000000000e+00
24,37,  0.000000000000e+00
24,38,  0.000000000000e+00
24,39,  0.000000000000e+00
24,40,  0.000000000000e+00
24,41,  0.000000000000e+00
24,42,  0.000000000000e+00
24,43,  0.000000000000e+00
24,44,  3.727497213614e-01
24,45,  0.000000000000e+00
24,46,  0.000000000000e+00
24,47,  0.000000000000e+00
24,48,  0.000000000000e+00
24,49,  0.000000000000e+00
24,50,  0.000000000000e+00
24,51,  0.000000000000e+00
24,52,  0.000000000000e+00
24,53,  0.000000000000e+00
24,54,  0.000000000000e+00
24,55,  0.000000000000e+00
24,56,  0.000000000000e+00
24,57,  0.000000000000e+00
24,58,  0.000000000000e+00
25,0,  0.000000000000e+00
25,1,  0.000000000000e+00
25,2,  0.000000000000e+00
25,3,  0.000000000000e+00
25,4,  0.000000000000e+00
25,5,  0.000000000000e+00
25,6,  0.000000000000e+00
25,7,  0.000000000000e+00
25,8,  0.000000000000e+00
25,9,  0.000000000000e+00
25,10,  0.000000000000e+00
25,11,  0.000000000000e+00
25,12,  0.000000000000e+00
25,13,  0.000000000000e+00
25,14,  9.887092884968e-01
25,15,  0.000000000000e+00
25,16,  0.000000000000e+00
25,17,  0.000000000000e+00
25,18,  0.000000000000e+00
25,19, -3.052909786179e-02
25,20,  0.000000000000e+00
25,21,  0.000000000000e+00
25,22,  0.000000000000e+00
25,23,  0.000000000000e+00
25,24,  0.000000000000e+00
25,25,  0.000000000000e+00
25,26,  0.000000000000e+00
25,27,  0.000000000000e+00
25,28,  0.000000000000e+00
25,29,  0.000000000000e+00
25,30,  0.000000000000e+00
25,31, -2.885767641135e-01
25,32,  0.000000000000e+00
25,33,  0.000000000000e+00
25,34,  0.000000000000e+00
25,35,  0.000000000000e+00
25,36,  0.000000000000e+00
25,37,  0.000000000000e+00
25,38,  0.000000000000e+00
25,39,  0.000000000000e+00
25,40,  0.000000000000e+00
25,41,  0.000000000000e+00
25,42,  0.000000000000e+00
25,43,  0.000000000000e+00
25,44,  0.000000000000e+00
25,45,  0.000000000000e+00
25,46,  0.000000000000e+00
25,47,  3.953697424230e-01
25,48,  0.000000000000e+00
25,49,  0.000000000000e+00
25,50,  0.000000000000e+00
25,51,  0.000000000000e+00
25,52,  0.000000000000e+00
25,53,  0.000000000000e+00
25,54,  0.000000000000e+00
25,55,  0.000000000000e+00
25,56,  0.000000000000e+00
25,57,  0.000000000000e+00
25,58,  0.000000000000e+00
26,0,  0.000000000000e+00
26,1,  0.000000000000e+00
26,2,  0.000000000000e+00
26,3,  0.000000000000e+00
26,4,  0.000000000000e+00
26,5,  0.000000000000e+00
26,6,  0.000000000000e+00
26,7,  0.000000000000e+00
26,8,  0.000000000000e+00
26,9,  0.000000000000e+00
26,10,  9.887092884961e-01
26,11,  1.756986494435e-13
26,12,  4.515496804034e-27
26,13, -5.702855020993e-44
26,14,  0.000000000000e+00
26,15,  0.000000000000e+00
26,16,  0.000000000000e+00
26,17,  0.000000000000e+00
26,18,  0.000000000000e+00
26,19,  0.000000000000e+00
26,20, -3.052909785795e-02
26,21, -3.751416420676e-13
26,22, -8.300136744027e-24
26,23,  2.581207994181e-39
26,24,  0.000000000000e+00
26,25,  0.000000000000e+00
26,26,  0.000000000000e+00
26,27,  0.000000000000e+00
26,28,  0.000000000000e+00
26,29,  0.000000000000e+00
26,30,  0.000000000000e+00
26,31,  0.000000000000e+00
26,32, -2.885767641172e-01
26,33,  5.195598694323e-12
26,34,  1.451517799989e-23
26,35,  1.465760584015e-39
26,36,  0.000000000000e+00
26,37,  0.000000000000e+00
26,38,  0.000000000000e+00
26,39,  0.000000000000e+00
26,40,  0.000000000000e+00
26,41,  0.000000000000e+00
26,42,  0.000000000000e+00
26,43,  0.000000000000e+00
26,44,  0.000000000000e+00
26,45,  0.000000000000e+00
26,46,  0.000000000000e+00
26,47,  0.000000000000e+00
26,48,  3.953697424224e-01
26,49, -5.933285205357e-11
26,50,  1.324677351130e-24
26,51,  1.121787981151e-40
26,52,  0.000000000000e+00
26,53,  0.000000000000e+00
26,54,  0.000000000000e+00
26,55,  0.000000000000e+00
26,56,  0.000000000000e+00
26,57,  0.000000000000e+00
26,58,  0.000000000000e+00
27,0,  0.000000000000e+00
27,1,  0.000000000000e+00
27,2,  0.000000000000e+00
27,3,  0.000000000000e+00
27,4,  0.000000000000e+00
27,5,  0.000000000000e+00
27,6,  0.000000000000e+00
27,7,  0.000000000000e+00
27,8,  0.000000000000e+00
27,9,  0.000000000000e+00
27,10, -1.756986494463e-13
27,11,  9.887092884977e-01
27,12,  2.339931731933e-13
27,13, -1.565000590545e-29
27,14,  0.000000000000e+00
27,15,  0.000000000000e+00
27,16,  0.000000000000e+00
27,17,  0.000000000000e+00
27,18,  0.000000000000e+00
27,19,  0.000000000000e+00
27,20,  3.751416421361e-13
27,21, -3.052909786303e-02
27,22, -4.197372307813e-10
27,23,  2.140935268327e-25
27,24,  0.000000000000e+00
27,25,  0.000000000000e+00
27,26,  0.000000000000e+00
27,27,  0.000000000000e+00
27,28,  0.000000000000e+00
27,29,  0.000000000000e+00
27,30,  0.000000000000e+00
27,31,  0.000000000000e+00
27,32, -5.195598694423e-12
27,33, -2.885767641220e-01
27,34,  7.340312718503e-10
27,35,  1.215748088969e-25
27,36,  0.000000000000e+00
27,37,  0.000000000000e+00
27,38,  0.000000000000e+00
27,39,  0.000000000000e+00
27,40,  0.000000000000e+00
27,41,  0.000000000000e+00
27,42,  0.000000000000e+00
27,43,  0.000000000000e+00
27,44,  0.000000000000e+00
27,45,  0.000000000000e+00
27,46,  0.000000000000e+00
27,47,  0.000000000000e+00
27,48,  5.933285205239e-11
27,49,  3.953697424146e-01
27,50,  6.698871378333e-11
27,51,  9.304473783903e-27
27,52,  0.000000000000e+00
27,53,  0.000000000000e+00
27,54,  0.000000000000e+00
27,55,  0.000000000000e+00
27,56,  0.000000000000e+00
27,57,  0.000000000000e+00
27,58,  0.000000000000e+00
28,0,  0.000000000000e+00
28,1,  0.000000000000e+00
28,2,  0.000000000000e+00
28,3,  0.000000000000e+00
28,4,  0.000000000000e+00
28,5,  0.000000000000e+00
28,6,  0.000000000000e+00
28,7,  0.000000000000e+00
28,8,  0.000000000000e+00
28,9,  0.000000000000e+00
28,10,  2.249368900148e-27
28,11, -2.339931732186e-13
28,12,  9.887092884973e-01
28,13, -5.006483773122e-14
28,14,  0.000000000000e+00
28,15,  0.000000000000e+00
28,16,  0.000000000000e+00
28,17,  0.000000000000e+00
28,18,  0.000000000000e+00
28,19,  0.000000000000e+00
28,20,  1.114192296281e-28
28,21,  4.197372308080e-10
28,22, -3.052909784382e-02
28,23,  2.813688325894e-10
28,24,  0.000000000000e+00
28,25,  0.000000000000e+00
28,26,  0.000000000000e+00
28,27,  0.000000000000e+00
28,28,  0.000000000000e+00
28,29,  0.000000000000e+00
28,30,  0.000000000000e+00
28,31,  0.000000000000e+00
28,32, -1.552322396132e-27
28,33, -7.340312718603e-10
28,34, -2.885767641165e-01
28,35,  1.597777842728e-10
28,36,  0.000000000000e+00
28,37,  0.000000000000e+00
28,38,  0.000000000000e+00
28,39,  0.000000000000e+00
28,40,  0.000000000000e+00
28,41,  0.000000000000e+00
28,42,  0.000000000000e+00
28,43,  0.000000000000e+00
28,44,  0.000000000000e+00
28,45,  0.000000000000e+00
28,46,  0.000000000000e+00
28,47,  0.000000000000e+00
28,48,  1.764690621700e-26
28,49, -6.698871377925e-11
28,50,  3.953697424209e-01
28,51,  1.222844104899e-11
28,52,  0.000000000000e+00
28,53,  0.000000000000e+00
28,54,  0.000000000000e+00
28,55,  0.000000000000e+00
28,56,  0.000000000000e+00
28,57,  0.000000000000e+00
28,58,  0.000000000000e+00
29,0,  0.000000000000e+00
29,1,  0.000000000000e+00
29,2,  0.000000000000e+00
29,3,  0.000000000000e+00
29,4,  0.000000000000e+00
29,5,  0.000000000000e+00
29,6,  0.000000000000e+00
29,7,  0.000000000000e+00
29,8,  0.000000000000e+00
29,9,  0.000000000000e+00
29,10,  1.174157174128e-42
29,11, -1.427483442965e-28
29,12,  5.006483772995e-14
29,13,  9.887092884965e-01
29,14,  0.000000000000e+00
29,15,  0.000000000000e+00
29,16,  0.000000000000e+00
29,17,  0.000000000000e+00
29,18,  0.000000000000e+00
29,19,  0.000000000000e+00
29,20,  1.277306264061e-44
29,21,  2.663941190681e-25
29,22, -2.813688326120e-10
29,23, -3.052909783757e-02
29,24,  0.000000000000e+00
29,25,  0.000000000000e+00
29,26,  0.000000000000e+00
29,27,  0.000000000000e+00
29,28,  0.000000000000e+00
29,29,  0.000000000000e+00
29,30,  0.000000000000e+00
29,31,  0.000000000000e+00
29,32, -1.781833650233e-43
29,33, -4.658667907753e-25
29,34, -1.597777842747e-10
29,35, -2.885767641331e-01
29,36,  0.000000000000e+00
29,37,  0.000000000000e+00
29,38,  0.000000000000e+00
29,39,  0.000000000000e+00
29,40,  0.000000000000e+00
29,41,  0.000000000000e+00
29,42,  0.000000000000e+00
29,43,  0.000000000000e+00
29,44,  0.000000000000e+00
29,45,  0.000000000000e+00
29,46,  0.000000000000e+00
29,47,  0.000000000000e+00
29,48,  2.028472389522e-42
29,49, -4.251571776841e-26
29,50, -1.222844104955e-11
29,51,  3.953697424114e-01
29,52,  0.000000000000e+00
29,53,  0.000000000000e+00
29,54,  0.000000000000e+00
29,55,  0.000000000000e+00
29,56,  0.000000000000e+00
29,57,  0.000000000000e+00
29,58,  0.000000000000e+00
30,0,  0.000000000000e+00
30,1,  0.000000000000e+00
30,2,  0.000000000000e+00
30,3,  0.000000000000e+00
30,4,  0.000000000000e+00
30,5,  0.000000000000e+00
30,6,  0.000000000000e+00
30,7,  0.000000000000e+00
30,8,  0.000000000000e+00
30,9,  0.000000000000e+00
30,10,  0.000000000000e+00
30,11,  0.000000000000e+00
30,12,  0.000000000000e+00
30,13,  0.000000000000e+00
30,14, -2.503765786753e-02
30,15,  0.000000000000e+00
30,16,  0.000000000000e+00
30,17,  0.000000000000e+00
30,18,  0.000000000000e+00
30,19,  1.774672046982e-02
30,20,  0.000000000000e+00
30,21,  0.000000000000e+00
30,22,  0.000000000000e+00
30,23,  0.000000000000e+00
30,24,  0.000000000000e+00
30,25,  0.000000000000e+00
30,26,  0.000000000000e+00
30,27,  0.000000000000e+00
30,28,  0.000000000000e+00
30,29,  0.000000000000e+00
30,30,  0.000000000000e+00
30,31, -5.272441638652e-02
30,32,  0.000000000000e+00
30,33,  0.000000000000e+00
30,34,  0.000000000000e+00
30,35,  0.000000000000e+00
30,36,  0.000000000000e+00
30,37,  0.000000000000e+00
30,38,  0.000000000000e+00
30,39,  0.000000000000e+00
30,40,  0.000000000000e+00
30,41,  0.000000000000e+00
30,42,  0.000000000000e+00
30,43,  0.000000000000e+00
30,44,  0.000000000000e+00
30,45,  0.000000000000e+00
30,46,  0.000000000000e+00
30,47,  1.192524650992e+00
30,48,  0.000000000000e+00
30,49,  0.000000000000e+00
30,50,  0.000000000000e+00
30,51,  0.000000000000e+00
30,52,  0.000000000000e+00
30,53,  0.000000000000e+00
30,54,  0.000000000000e+00
30,55,  0.000000000000e+00
30,56,  0.000000000000e+00
30,57,  0.000000000000e+00
30,58,  0.000000000000e+00
31,0,  0.000000000000e+00
31,1,  0.000000000000e+00
31,2,  0.000000000000e+00
31,3,  0.000000000000e+00
31,4,  0.000000000000e+00
31,5,  0.000000000000e+00
31,6,  0.000000000000e+00
31,7,  0.000000000000e+00
31,8,  0.000000000000e+00
31,9,  0.000000000000e+00
31,10, -2.503765786756e-02
31,11, -1.013626669912e-13
31,12, -4.474769562651e-28
31,13,  5.634196856835e-45
31,14,  0.000000000000e+00
31,15,  0.000000000000e+00
31,16,  0.000000000000e+00
31,17,  0.000000000000e+00
31,18,  0.000000000000e+00
31,19,  0.000000000000e+00
31,20,  1.774672046599e-02
31,21, -1.065182074669e-12
31,22,  8.329764803295e-25
31,23, -2.556468725726e-40
31,24,  0.000000000000e+00
31,25,  0.000000000000e+00
31,26,  0.000000000000e+00
31,27,  0.000000000000e+00
31,28,  0.000000000000e+00
31,29,  0.000000000000e+00
31,30,  0.000000000000e+00
31,31,  0.000000000000e+00
31,32, -5.272441638763e-02
31,33,  1.478875273900e-11
31,34, -1.456699121292e-24
31,35, -1.451712183253e-40
31,36,  0.000000000000e+00
31,37,  0.000000000000e+00
31,38,  0.000000000000e+00
31,39,  0.000000000000e+00
31,40,  0.000000000000e+00
31,41,  0.000000000000e+00
31,42,  0.000000000000e+00
31,43,  0.000000000000e+00
31,44,  0.000000000000e+00
31,45,  0.000000000000e+00
31,46,  0.000000000000e+00
31,47,  0.000000000000e+00
31,48,  1.192524650992e+00
31,49, -1.687167314091e-10
31,50, -1.329405938951e-25
31,51, -1.111036344873e-41
31,52,  0.000000000000e+00
31,53,  0.000000000000e+00
31,54,  0.000000000000e+00
31,55,  0.000000000000e+00
31,56,  0.000000000000e+00
31,57,  0.000000000000e+00
31,58,  0.000000000000e+00
32,0,  0.000000000000e+00
32,1,  0.000000000000e+00
32,2,  0.000000000000e+00
32,3,  0.000000000000e+00
32,4,  0.000000000000e+00
32,5,  0.000000000000e+00
32,6,  0.000000000000e+00
32,7,  0.000000000000e+00
32,8,  0.000000000000e+00
32,9,  0.000000000000e+00
32,10,  1.013626669831e-13
32,11, -2.503765785892e-02
32,12, -4.595672825943e-14
32,13,  3.492356466747e-30
32,14,  0.000000000000e+00
32,15,  0.000000000000e+00
32,16,  0.000000000000e+00
32,17,  0.000000000000e+00
32,18,  0.000000000000e+00
32,19,  0.000000000000e+00
32,20,  1.065182074887e-12
32,21,  1.774672046470e-02
32,22,  8.217134867245e-11
32,23, -4.468413344657e-26
32,24,  0.000000000000e+00
32,25,  0.000000000000e+00
32,26,  0.000000000000e+00
32,27,  0.000000000000e+00
32,28,  0.000000000000e+00
32,29,  0.000000000000e+00
32,30,  0.000000000000e+00
32,31,  0.000000000000e+00
32,32, -1.478875273959e-11
32,33, -5.272441638963e-02
32,34, -1.437002343050e-10
32,35, -2.537426093990e-26
32,36,  0.000000000000e+00
32,37,  0.000000000000e+00
32,38,  0.000000000000e+00
32,39,  0.000000000000e+00
32,40,  0.000000000000e+00
32,41,  0.000000000000e+00
32,42,  0.000000000000e+00
32,43,  0.000000000000e+00
32,44,  0.000000000000e+00
32,45,  0.000000000000e+00
32,46,  0.000000000000e+00
32,47,  0.000000000000e+00
32,48,  1.687167314091e-10
32,49,  1.192524650992e+00
32,50, -1.311427992555e-11
32,51, -1.941966244896e-27
32,52,  0.000000000000e+00
32,53,  0.000000000000e+00
32,54,  0.000000000000e+00
32,55,  0.000000000000e+00
32,56,  0.000000000000e+00
32,57,  0.000000000000e+00
32,58,  0.000000000000e+00
33,0,  0.000000000000e+00
33,1,  0.000000000000e+00
33,2,  0.000000000000e+00
33,3,  0.000000000000e+00
33,4,  0.000000000000e+00
33,5,  0.000000000000e+00
33,6,  0.000000000000e+00
33,7,  0.000000000000e+00
33,8,  0.000000000000e+00
33,9,  0.000000000000e+00
33,10, -4.518184610963e-28
33,11,  4.595672827484e-14
33,12, -2.503765786558e-02
33,13,  1.145071264301e-14
33,14,  0.000000000000e+00
33,15,  0.000000000000e+00
33,16,  0.000000000000e+00
33,17,  0.000000000000e+00
33,18,  0.000000000000e+00
33,19,  0.000000000000e+00
33,20, -2.453830835990e-29
33,21, -8.217134869642e-11
33,22,  1.774672046628e-02
33,23, -6.287114356921e-11
33,24,  0.000000000000e+00
33,25,  0.000000000000e+00
33,26,  0.000000000000e+00
33,27,  0.000000000000e+00
33,28,  0.000000000000e+00
33,29,  0.000000000000e+00
33,30,  0.000000000000e+00
33,31,  0.000000000000e+00
33,32,  3.419051643175e-28
33,33,  1.437002343397e-10
33,34, -5.272441638624e-02
33,35, -3.570194173054e-11
33,36,  0.000000000000e+00
33,37,  0.000000000000e+00
33,38,  0.000000000000e+00
33,39,  0.000000000000e+00
33,40,  0.000000000000e+00
33,41,  0.000000000000e+00
33,42,  0.000000000000e+00
33,43,  0.000000000000e+00
33,44,  0.000000000000e+00
33,45,  0.000000000000e+00
33,46,  0.000000000000e+00
33,47,  0.000000000000e+00
33,48, -3.886470865677e-27
33,49,  1.311427992774e-11
33,50,  1.192524650992e+00
33,51, -2.732422153550e-12
33,52,  0.000000000000e+00
33,53,  0.000000000000e+00
33,54,  0.000000000000e+00
33,55,  0.000000000000e+00
33,56,  0.000000000000e+00
33,57,  0.000000000000e+00
33,58,  0.000000000000e+00
34,0,  0.000000000000e+00
34,1,  0.000000000000e+00
34,2,  0.000000000000e+00
34,3,  0.000000000000e+00
34,4,  0.000000000000e+00
34,5,  0.000000000000e+00
34,6,  0.000000000000e+00
34,7,  0.000000000000e+00
34,8,  0.000000000000e+00
34,9,  0.000000000000e+00
34,10, -3.151408247424e-43
34,11,  3.828247188433e-29
34,12, -1.145071264092e-14
34,13, -2.503765785604e-02
34,14,  0.000000000000e+00
34,15,  0.000000000000e+00
34,16,  0.000000000000e+00
34,17,  0.000000000000e+00
34,18,  0.000000000000e+00
34,19,  0.000000000000e+00
34,20, -3.520954652481e-45
34,21, -7.125049932615e-26
34,22,  6.287114356436e-11
34,23,  1.774672046534e-02
34,24,  0.000000000000e+00
34,25,  0.000000000000e+00
34,26,  0.000000000000e+00
34,27,  0.000000000000e+00
34,28,  0.000000000000e+00
34,29,  0.000000000000e+00
34,30,  0.000000000000e+00
34,31,  0.000000000000e+00
34,32,  4.910975041014e-44
34,33,  1.246020053112e-25
34,34,  3.570194172533e-11
34,35, -5.272441638951e-02
34,36,  0.000000000000e+00
34,37,  0.000000000000e+00
34,38,  0.000000000000e+00
34,39,  0.000000000000e+00
34,40,  0.000000000000e+00
34,41,  0.000000000000e+00
34,42,  0.000000000000e+00
34,43,  0.000000000000e+00
34,44,  0.000000000000e+00
34,45,  0.000000000000e+00
34,46,  0.000000000000e+00
34,47,  0.000000000000e+00
34,48, -5.590774570695e-43
34,49,  1.137136994478e-26
34,50,  2.732422153244e-12
34,51,  1.192524650992e+00
34,52,  0.000000000000e+00
34,53,  0.000000000000e+00
34,54,  0.000000000000e+00
34,55,  0.000000000000e+00
34,56,  0.000000000000e+00
34,57,  0.000000000000e+00
34,58,  0.000000000000e+00
35,0,  0.000000000000e+00
35,1,  0.000000000000e+00
35,2,  0.000000000000e+00
35,3,  0.000000000000e+00
35,4,  0.000000000000e+00
35,5,  0.000000000000e+00
35,6,  0.000000000000e+00
35,7,  0.000000000000e+00
35,8,  0.000000000000e+00
35,9,  0.000000000000e+00
35,10,  0.000000000000e+00
35,11,  0.000000000000e+00
35,12,  0.000000000000e+00
35,13,  0.000000000000e+00
35,14,  2.655354000742e-02
35,15,  0.000000000000e+00
35,16,  0.000000000000e+00
35,17,  0.000000000000e+00
35,18,  0.000000000000e+00
35,19, -1.520820824938e-01
35,20,  0.000000000000e+00
35,21,  0.000000000000e+00
35,22,  0.000000000000e+00
35,23,  0.000000000000e+00
35,24,  0.000000000000e+00
35,25,  0.000000000000e+00
35,26,  0.000000000000e+00
35,27,  0.000000000000e+00
35,28,  0.000000000000e+00
35,29,  0.000000000000e+00
35,30,  0.000000000000e+00
35,31,  1.301179503629e+00
35,32,  0.000000000000e+00
35,33,  0.000000000000e+00
35,34,  0.000000000000e+00
35,35,  0.000000000000e+00
35,36,  0.000000000000e+00
35,37,  0.000000000000e+00
35,38,  0.000000000000e+00
35,39,  0.000000000000e+00
35,40,  0.000000000000e+00
35,41,  0.000000000000e+00
35,42,  0.000000000000e+00
35,43,  0.000000000000e+00
35,44,  0.000000000000e+00
35,45,  0.000000000000e+00
35,46,  0.000000000000e+00
35,47, -7.004783722896e-01
35,48,  0.000000000000e+00
35,49,  0.000000000000e+00
35,50,  0.000000000000e+00
35,51,  0.000000000000e+00
35,52,  0.000000000000e+00
35,53,  0.000000000000e+00
35,54,  0.000000000000e+00
35,55,  0.000000000000e+00
35,56,  0.000000000000e+00
35,57,  0.000000000000e+00
35,58,  0.000000000000e+00
36,0,  0.000000000000e+00
36,1,  0.000000000000e+00
36,2,  0.000000000000e+00
36,3,  0.000000000000e+00
36,4,  0.000000000000e+00
36,5,  0.000000000000e+00
36,6,  0.000000000000e+00
36,7,  0.000000000000e+00
36,8,  0.000000000000e+00
36,9,  0.000000000000e+00
36,10,  2.655354001175e-02
36,11,  6.460624378904e-14
36,12,  1.490291778078e-28
36,13, -1.431596678227e-45
36,14,  0.000000000000e+00
36,15,  0.000000000000e+00
36,16,  0.000000000000e+00
36,17,  0.000000000000e+00
36,18,  0.000000000000e+00
36,19,  0.000000000000e+00
36,20, -1.520820825019e-01
36,21,  7.255584107721e-13
36,22, -2.822199936522e-25
36,23,  8.221999607153e-41
36,24,  0.000000000000e+00
36,25,  0.000000000000e+00
36,26,  0.000000000000e+00
36,27,  0.000000000000e+00
36,28,  0.000000000000e+00
36,29,  0.000000000000e+00
36,30,  0.000000000000e+00
36,31,  0.000000000000e+00
36,32,  1.301179503629e+00
36,33, -1.007285566929e-11
36,34,  4.935428905941e-25
36,35,  4.668931347731e-41
36,36,  0.000000000000e+00
36,37,  0.000000000000e+00
36,38,  0.000000000000e+00
36,39,  0.000000000000e+00
36,40,  0.000000000000e+00
36,41,  0.000000000000e+00
36,42,  0.000000000000e+00
36,43,  0.000000000000e+00
36,44,  0.000000000000e+00
36,45,  0.000000000000e+00
36,46,  0.000000000000e+00
36,47,  0.000000000000e+00
36,48, -7.004783722887e-01
36,49,  1.149177106494e-10
36,50,  4.504148783008e-26
36,51,  3.573264878162e-42
36,52,  0.000000000000e+00
36,53,  0.000000000000e+00
36,54,  0.000000000000e+00
36,55,  0.000000000000e+00
36,56,  0.000000000000e+00
36,57,  0.000000000000e+00
36,58,  0.000000000000e+00
37,0,  0.000000000000e+00
37,1,  0.000000000000e+00
37,2,  0.000000000000e+00
37,3,  0.000000000000e+00
37,4,  0.000000000000e+00
37,5,  0.000000000000e+00
37,6,  0.000000000000e+00
37,7,  0.000000000000e+00
37,8,  0.000000000000e+00
37,9,  0.000000000000e+00
37,10, -6.460624378622e-14
37,11,  2.655354001014e-02
37,12, -1.326012723793e-12
37,13,  1.065379627703e-28
37,14,  0.000000000000e+00
37,15,  0.000000000000e+00
37,16,  0.000000000000e+00
37,17,  0.000000000000e+00
37,18,  0.000000000000e+00
37,19,  0.000000000000e+00
37,20, -7.255584109141e-13
37,21, -1.520820825175e-01
37,22,  2.368032860125e-09
37,23, -1.325526783007e-24
37,24,  0.000000000000e+00
37,25,  0.000000000000e+00
37,26,  0.000000000000e+00
37,27,  0.000000000000e+00
37,28,  0.000000000000e+00
37,29,  0.000000000000e+00
37,30,  0.000000000000e+00
37,31,  0.000000000000e+00
37,32,  1.007285566961e-11
37,33,  1.301179503628e+00
37,34, -4.141186425745e-09
37,35, -7.527115324963e-25
37,36,  0.000000000000e+00
37,37,  0.000000000000e+00
37,38,  0.000000000000e+00
37,39,  0.000000000000e+00
37,40,  0.000000000000e+00
37,41,  0.000000000000e+00
37,42,  0.000000000000e+00
37,43,  0.000000000000e+00
37,44,  0.000000000000e+00
37,45,  0.000000000000e+00
37,46,  0.000000000000e+00
37,47,  0.000000000000e+00
37,48, -1.149177106485e-10
37,49, -7.004783722866e-01
37,50, -3.779302967232e-10
37,51, -5.760721375018e-26
37,52,  0.000000000000e+00
37,53,  0.000000000000e+00
37,54,  0.000000000000e+00
37,55,  0.000000000000e+00
37,56,  0.000000000000e+00
37,57,  0.000000000000e+00
37,58,  0.000000000000e+00
38,0,  0.000000000000e+00
38,1,  0.000000000000e+00
38,2,  0.000000000000e+00
38,3,  0.000000000000e+00
38,4,  0.000000000000e+00
38,5,  0.000000000000e+00
38,6,  0.000000000000e+00
38,7,  0.000000000000e+00
38,8,  0.000000000000e+00
38,9,  0.000000000000e+00
38,10, -1.317106262592e-26
38,11,  1.326012723918e-12
38,12,  2.655354000949e-02
38,13,  1.622271699100e-13
38,14,  0.000000000000e+00
38,15,  0.000000000000e+00
38,16,  0.000000000000e+00
38,17,  0.000000000000e+00
38,18,  0.000000000000e+00
38,19,  0.000000000000e+00
38,20, -7.425739180719e-28
38,21, -2.368032860246e-09
38,22, -1.520820825440e-01
38,23, -8.824265163474e-10
38,24,  0.000000000000e+00
38,25,  0.000000000000e+00
38,26,  0.000000000000e+00
38,27,  0.000000000000e+00
38,28,  0.000000000000e+00
38,29,  0.000000000000e+00
38,30,  0.000000000000e+00
38,31,  0.000000000000e+00
38,32,  1.034734979157e-26
38,33,  4.141186425748e-09
38,34,  1.301179503623e+00
38,35, -5.010938338965e-10
38,36,  0.000000000000e+00
38,37,  0.000000000000e+00
38,38,  0.000000000000e+00
38,39,  0.000000000000e+00
38,40,  0.000000000000e+00
38,41,  0.000000000000e+00
38,42,  0.000000000000e+00
38,43,  0.000000000000e+00
38,44,  0.000000000000e+00
38,45,  0.000000000000e+00
38,46,  0.000000000000e+00
38,47,  0.000000000000e+00
38,48, -1.176140806501e-25
38,49,  3.779302966954e-10
38,50, -7.004783722898e-01
38,51, -3.835090125257e-11
38,52,  0.000000000000e+00
38,53,  0.000000000000e+00
38,54,  0.000000000000e+00
38,55,  0.000000000000e+00
38,56,  0.000000000000e+00
38,57,  0.000000000000e+00
38,58,  0.000000000000e+00
39,0,  0.000000000000e+00
39,1,  0.000000000000e+00
39,2,  0.000000000000e+00
39,3,  0.000000000000e+00
39,4,  0.000000000000e+00
39,5,  0.000000000000e+00
39,6,  0.000000000000e+00
39,7,  0.000000000000e+00
39,8,  0.000000000000e+00
39,9,  0.000000000000e+00
39,10, -4.752939776623e-42
39,11,  5.771759273623e-28
39,12, -1.622271698962e-13
39,13,  2.655354002203e-02
39,14,  0.000000000000e+00
39,15,  0.000000000000e+00
39,16,  0.000000000000e+00
39,17,  0.000000000000e+00
39,18,  0.000000000000e+00
39,19,  0.000000000000e+00
39,20, -5.369409053924e-44
39,21, -1.073197855442e-24
39,22,  8.824265163654e-10
39,23, -1.520820825813e-01
39,24,  0.000000000000e+00
39,25,  0.000000000000e+00
39,26,  0.000000000000e+00
39,27,  0.000000000000e+00
39,28,  0.000000000000e+00
39,29,  0.000000000000e+00
39,30,  0.000000000000e+00
39,31,  0.000000000000e+00
39,32,  7.488719705919e-43
39,33,  1.876795336332e-24
39,34,  5.010938338722e-10
39,35,  1.301179503621e+00
39,36,  0.000000000000e+00
39,37,  0.000000000000e+00
39,38,  0.000000000000e+00
39,39,  0.000000000000e+00
39,40,  0.000000000000e+00
39,41,  0.000000000000e+00
39,42,  0.000000000000e+00
39,43,  0.000000000000e+00
39,44,  0.000000000000e+00
39,45,  0.000000000000e+00
39,46,  0.000000000000e+00
39,47,  0.000000000000e+00
39,48, -8.525357201189e-42
39,49,  1.712792174949e-25
39,50,  3.835090125202e-11
39,51, -7.004783722858e-01
39,52,  0.000000000000e+00
39,53,  0.000000000000e+00
39,54,  0.000000000000e+00
39,55,  0.000000000000e+00
39,56,  0.000000000000e+00
39,57,  0.000000000000e+00
39,58,  0.000000000000e+00
40,0,  0.000000000000e+00
40,1,  0.000000000000e+00
40,2,  0.000000000000e+00
40,3,  0.000000000000e+00
40,4,  0.000000000000e+00
40,5,  0.000000000000e+00
40,6,  0.000000000000e+00
40,7,  0.000000000000e+00
40,8,  0.000000000000e+00
40,9,  0.000000000000e+00
40,10,  0.000000000000e+00
40,11,  0.000000000000e+00
40,12,  0.000000000000e+00
40,13,  0.000000000000e+00
40,14,  1.083908985019e-03
40,15,  0.000000000000e+00
40,16,  0.000000000000e+00
40,17,  0.000000000000e+00
40,18,  0.000000000000e+00
40,19,  1.080840125965e+00
40,20,  0.000000000000e+00
40,21,  0.000000000000e+00
40,22,  0.000000000000e+00
40,23,  0.000000000000e+00
40,24,  0.000000000000e+00
40,25,  0.000000000000e+00
40,26,  0.000000000000e+00
40,27,  0.000000000000e+00
40,28,  0.000000000000e+00
40,29,  0.000000000000e+00
40,30,  0.000000000000e+00
40,31, -6.346242928013e-01
40,32,  0.000000000000e+00
40,33,  0.000000000000e+00
40,34,  0.000000000000e+00
40,35,  0.000000000000e+00
40,36,  0.000000000000e+00
40,37,  0.000000000000e+00
40,38,  0.000000000000e+00
40,39,  0.000000000000e+00
40,40,  0.000000000000e+00
40,41,  0.000000000000e+00
40,42,  0.000000000000e+00
40,43,  0.000000000000e+00
40,44,  0.000000000000e+00
40,45,  0.000000000000e+00
40,46,  0.000000000000e+00
40,47,  2.515040787912e-01
40,48,  0.000000000000e+00
40,49,  0.000000000000e+00
40,50,  0.000000000000e+00
40,51,  0.000000000000e+00
40,52,  0.000000000000e+00
40,53,  0.000000000000e+00
40,54,  0.000000000000e+00
40,55,  0.000000000000e+00
40,56,  0.000000000000e+00
40,57,  0.000000000000e+00
40,58,  0.000000000000e+00
41,0,  0.000000000000e+00
41,1,  0.000000000000e+00
41,2,  0.000000000000e+00
41,3,  0.000000000000e+00
41,4,  0.000000000000e+00
41,5,  0.000000000000e+00
41,6,  0.000000000000e+00
41,7,  0.000000000000e+00
41,8,  0.000000000000e+00
41,9,  0.000000000000e+00
41,10,  1.083908979984e-03
41,11, -2.235811690975e-14
41,12, -9.944360597792e-30
41,13,  4.169010727100e-47
41,14,  0.000000000000e+00
41,15,  0.000000000000e+00
41,16,  0.000000000000e+00
41,17,  0.000000000000e+00
41,18,  0.000000000000e+00
41,19,  0.000000000000e+00
41,20,  1.080840125970e+00
41,21, -2.793401814170e-13
41,22,  2.119966731633e-26
41,23, -5.126719369580e-42
41,24,  0.000000000000e+00
41,25,  0.000000000000e+00
41,26,  0.000000000000e+00
41,27,  0.000000000000e+00
41,28,  0.000000000000e+00
41,29,  0.000000000000e+00
41,30,  0.000000000000e+00
41,31,  0.000000000000e+00
41,32, -6.346242927927e-01
41,33,  3.877964459958e-12
41,34, -3.707372103725e-26
41,35, -2.911250526278e-42
41,36,  0.000000000000e+00
41,37,  0.000000000000e+00
41,38,  0.000000000000e+00
41,39,  0.000000000000e+00
41,40,  0.000000000000e+00
41,41,  0.000000000000e+00
41,42,  0.000000000000e+00
41,43,  0.000000000000e+00
41,44,  0.000000000000e+00
41,45,  0.000000000000e+00
41,46,  0.000000000000e+00
41,47,  0.000000000000e+00
41,48,  2.515040787943e-01
41,49, -4.424293302509e-11
41,50, -3.383406529104e-27
41,51, -2.228061973588e-43
41,52,  0.000000000000e+00
41,53,  0.000000000000e+00
41,54,  0.000000000000e+00
41,55,  0.000000000000e+00
41,56,  0.000000000000e+00
41,57,  0.000000000000e+00
41,58,  0.000000000000e+00
42,0,  0.000000000000e+00
42,1,  0.000000000000e+00
42,2,  0.000000000000e+00
42,3,  0.000000000000e+00
42,4,  0.000000000000e+00
42,5,  0.000000000000e+00
42,6,  0.000000000000e+00
42,7,  0.000000000000e+00
42,8,  0.000000000000e+00
42,9,  0.000000000000e+00
42,10,  2.235811690777e-14
42,11,  1.083908988305e-03
42,12,  1.231356807865e-12
42,13, -9.886629674121e-29
42,14,  0.000000000000e+00
42,15,  0.000000000000e+00
42,16,  0.000000000000e+00
42,17,  0.000000000000e+00
42,18,  0.000000000000e+00
42,19,  0.000000000000e+00
42,20,  2.793401814704e-13
42,21,  1.080840125977e+00
42,22, -2.199038443624e-09
42,23,  1.230485305317e-24
42,24,  0.000000000000e+00
42,25,  0.000000000000e+00
42,26,  0.000000000000e+00
42,27,  0.000000000000e+00
42,28,  0.000000000000e+00
42,29,  0.000000000000e+00
42,30,  0.000000000000e+00
42,31,  0.000000000000e+00
42,32, -3.877964460062e-12
42,33, -6.346242927794e-01
42,34,  3.845651091597e-09
42,35,  6.987414299942e-25
42,36,  0.000000000000e+00
42,37,  0.000000000000e+00
42,38,  0.000000000000e+00
42,39,  0.000000000000e+00
42,40,  0.000000000000e+00
42,41,  0.000000000000e+00
42,42,  0.000000000000e+00
42,43,  0.000000000000e+00
42,44,  0.000000000000e+00
42,45,  0.000000000000e+00
42,46,  0.000000000000e+00
42,47,  0.000000000000e+00
42,48,  4.424293302453e-11
42,49,  2.515040787950e-01
42,50,  3.509593413328e-10
42,51,  5.347672401952e-26
42,52,  0.000000000000e+00
42,53,  0.000000000000e+00
42,54,  0.000000000000e+00
42,55,  0.000000000000e+00
42,56,  0.000000000000e+00
42,57,  0.000000000000e+00
42,58,  0.000000000000e+00
43,0,  0.000000000000e+00
43,1,  0.000000000000e+00
43,2,  0.000000000000e+00
43,3,  0.000000000000e+00
43,4,  0.000000000000e+00
43,5,  0.000000000000e+00
43,6,  0.000000000000e+00
43,7,  0.000000000000e+00
43,8,  0.000000000000e+00
43,9,  0.000000000000e+00
43,10,  1.222921801965e-26
43,11, -1.231356807932e-12
43,12,  1.083908975816e-03
43,13,  2.132351434401e-13
43,14,  0.000000000000e+00
43,15,  0.000000000000e+00
43,16,  0.000000000000e+00
43,17,  0.000000000000e+00
43,18,  0.000000000000e+00
43,19,  0.000000000000e+00
43,20,  6.891222011925e-28
43,21,  2.199038443649e-09
43,22,  1.080840125990e+00
43,23, -1.160049763298e-09
43,24,  0.000000000000e+00
43,25,  0.000000000000e+00
43,26,  0.000000000000e+00
43,27,  0.000000000000e+00
43,28,  0.000000000000e+00
43,29,  0.000000000000e+00
43,30,  0.000000000000e+00
43,31,  0.000000000000e+00
43,32, -9.602529711270e-27
43,33, -3.845651091447e-09
43,34, -6.346242927568e-01
43,35, -6.587446910396e-10
43,36,  0.000000000000e+00
43,37,  0.000000000000e+00
43,38,  0.000000000000e+00
43,39,  0.000000000000e+00
43,40,  0.000000000000e+00
43,41,  0.000000000000e+00
43,42,  0.000000000000e+00
43,43,  0.000000000000e+00
43,44,  0.000000000000e+00
43,45,  0.000000000000e+00
43,46,  0.000000000000e+00
43,47,  0.000000000000e+00
43,48,  1.091480475276e-25
43,49, -3.509593412930e-10
43,50,  2.515040787960e-01
43,51, -5.041660956008e-11
43,52,  0.000000000000e+00
43,53,  0.000000000000e+00
43,54,  0.000000000000e+00
43,55,  0.000000000000e+00
43,56,  0.000000000000e+00
43,57,  0.000000000000e+00
43,58,  0.000000000000e+00
44,0,  0.000000000000e+00
44,1,  0.000000000000e+00
44,2,  0.000000000000e+00
44,3,  0.000000000000e+00
44,4,  0.000000000000e+00
44,5,  0.000000000000e+00
44,6,  0.000000000000e+00
44,7,  0.000000000000e+00
44,8,  0.000000000000e+00
44,9,  0.000000000000e+00
44,10, -6.242938471539e-42
44,11,  7.581146185772e-28
44,12, -2.132351434210e-13
44,13,  1.083908970439e-03
44,14,  0.000000000000e+00
44,15,  0.000000000000e+00
44,16,  0.000000000000e+00
44,17,  0.000000000000e+00
44,18,  0.000000000000e+00
44,19,  0.000000000000e+00
44,20, -7.052661265964e-44
44,21, -1.409647641779e-24
44,22,  1.160049763316e-09
44,23,  1.080840126009e+00
44,24,  0.000000000000e+00
44,25,  0.000000000000e+00
44,26,  0.000000000000e+00
44,27,  0.000000000000e+00
44,28,  0.000000000000e+00
44,29,  0.000000000000e+00
44,30,  0.000000000000e+00
44,31,  0.000000000000e+00
44,32,  9.836353377375e-43
44,33,  2.465174624187e-24
44,34,  6.587446910048e-10
44,35, -6.346242927255e-01
44,36,  0.000000000000e+00
44,37,  0.000000000000e+00
44,38,  0.000000000000e+00
44,39,  0.000000000000e+00
44,40,  0.000000000000e+00
44,41,  0.000000000000e+00
44,42,  0.000000000000e+00
44,43,  0.000000000000e+00
44,44,  0.000000000000e+00
44,45,  0.000000000000e+00
44,46,  0.000000000000e+00
44,47,  0.000000000000e+00
44,48, -1.119796537364e-41
44,49,  2.249756126576e-25
44,50,  5.041660955913e-11
44,51,  2.515040787961e-01
44,52,  0.000000000000e+00
44,53,  0.000000000000e+00
44,54,  0.000000000000e+00
44,55,  0.000000000000e+00
44,56,  0.000000000000e+00
44,57,  0.000000000000e+00
44,58,  0.000000000000e+00
45,0,  0.000000000000e+00
45,1,  0.000000000000e+00
45,2,  0.000000000000e+00
45,3,  0.000000000000e+00
45,4,  0.000000000000e+00
45,5,  0.000000000000e+00
45,6,  0.000000000000e+00
45,7,  0.000000000000e+00
45,8,  0.000000000000e+00
45,9,  0.000000000000e+00
45,10,  0.000000000000e+00
45,11,  0.000000000000e+00
45,12,  0.000000000000e+00
45,13,  0.000000000000e+00
45,14,  0.000000000000e+00
45,15,  0.000000000000e+00
45,16,  0.000000000000e+00
45,17,  0.000000000000e+00
45,18,  0.000000000000e+00
45,19,  0.000000000000e+00
45,20,  0.000000000000e+00
45,21,  0.000000000000e+00
45,22,  0.000000000000e+00
45,23,  0.000000000000e+00
45,24,  0.000000000000e+00
45,25,  0.000000000000e+00
45,26,  0.000000000000e+00
45,27,  0.000000000000e+00
45,28,  0.000000000000e+00
45,29,  0.000000000000e+00
45,30,  0.000000000000e+00
45,31,  0.000000000000e+00
45,32,  0.000000000000e+00
45,33,  0.000000000000e+00
45,34,  0.000000000000e+00
45,35,  0.000000000000e+00
45,36,  1.101148339367e-02
45,37,  0.000000000000e+00
45,38,  0.000000000000e+00
45,39,  0.000000000000e+00
45,40,  0.000000000000e+00
45,41,  0.000000000000e+00
45,42,  0.000000000000e+00
45,43,  0.000000000000e+00
45,44,  0.000000000000e+00
45,45,  0.000000000000e+00
45,46,  0.000000000000e+00
45,47,  0.000000000000e+00
45,48,  0.000000000000e+00
45,49,  0.000000000000e+00
45,50,  0.000000000000e+00
45,51,  0.000000000000e+00
45,52,  1.115643177272e+00
45,53,  0.000000000000e+00
45,54,  0.000000000000e+00
45,55,  0.000000000000e+00
45,56,  0.000000000000e+00
45,57,  0.000000000000e+00
45,58,  0.000000000000e+00
46,0,  0.000000000000e+00
46,1,  0.000000000000e+00
46,2,  0.000000000000e+00
46,3,  0.000000000000e+00
46,4,  0.000000000000e+00
46,5,  0.000000000000e+00
46,6,  0.000000000000e+00
46,7,  0.000000000000e+00
46,8,  0.000000000000e+00
46,9,  0.000000000000e+00
46,10,  0.000000000000e+00
46,11,  0.000000000000e+00
46,12,  0.000000000000e+00
46,13,  0.000000000000e+00
46,14,  0.000000000000e+00
46,15,  0.000000000000e+00
46,16,  0.000000000000e+00
46,17,  0.000000000000e+00
46,18,  0.000000000000e+00
46,19,  0.000000000000e+00
46,20,  0.000000000000e+00
46,21,  0.000000000000e+00
46,22,  0.000000000000e+00
46,23,  0.000000000000e+00
46,24,  0.000000000000e+00
46,25,  0.000000000000e+00
46,26,  0.000000000000e+00
46,27,  0.000000000000e+00
46,28,  0.000000000000e+00
46,29,  0.000000000000e+00
46,30,  0.000000000000e+00
46,31,  0.000000000000e+00
46,32,  0.000000000000e+00
46,33,  0.000000000000e+00
46,34,  0.000000000000e+00
46,35,  0.000000000000e+00
46,36,  0.000000000000e+00
46,37,  1.101148339366e-02
46,38,  0.000000000000e+00
46,39,  0.000000000000e+00
46,40,  0.000000000000e+00
46,41,  0.000000000000e+00
46,42,  0.000000000000e+00
46,43,  0.000000000000e+00
46,44,  0.000000000000e+00
46,45,  0.000000000000e+00
46,46,  0.000000000000e+00
46,47,  0.000000000000e+00
46,48,  0.000000000000e+00
46,49,  0.000000000000e+00
46,50,  0.000000000000e+00
46,51,  0.000000000000e+00
46,52,  0.000000000000e+00
46,53,  1.115643177272e+00
46,54,  0.000000000000e+00
46,55,  0.000000000000e+00
46,56,  0.000000000000e+00
46,57,  0.000000000000e+00
46,58,  0.000000000000e+00
47,0,  0.000000000000e+00
47,1,  0.000000000000e+00
47,2,  0.000000000000e+00
47,3,  0.000000000000e+00
47,4,  0.000000000000e+00
47,5,  0.000000000000e+00
47,6,  0.000000000000e+00
47,7,  0.000000000000e+00
47,8,  0.000000000000e+00
47,9,  0.000000000000e+00
47,10,  0.000000000000e+00
47,11,  0.000000000000e+00
47,12,  0.000000000000e+00
47,13,  0.000000000000e+00
47,14,  0.000000000000e+00
47,15,  0.000000000000e+00
47,16,  0.000000000000e+00
47,17,  0.000000000000e+00
47,18,  0.000000000000e+00
47,19,  0.000000000000e+00
47,20,  0.000000000000e+00
47,21,  0.000000000000e+00
47,22,  0.000000000000e+00
47,23,  0.000000000000e+00
47,24,  0.000000000000e+00
47,25,  0.000000000000e+00
47,26,  0.000000000000e+00
47,27,  0.000000000000e+00
47,28,  0.000000000000e+00
47,29,  0.000000000000e+00
47,30,  0.000000000000e+00
47,31,  0.000000000000e+00
47,32,  0.000000000000e+00
47,33,  0.000000000000e+00
47,34,  0.000000000000e+00
47,35,  0.000000000000e+00
47,36,  0.000000000000e+00
47,37,  0.000000000000e+00
47,38,  1.101148339270e-02
47,39,  0.000000000000e+00
47,40,  0.000000000000e+00
47,41,  0.000000000000e+00
47,42,  0.000000000000e+00
47,43,  0.000000000000e+00
47,44,  0.000000000000e+00
47,45,  0.000000000000e+00
47,46,  0.000000000000e+00
47,47,  0.000000000000e+00
47,48,  0.000000000000e+00
47,49,  0.000000000000e+00
47,50,  0.000000000000e+00
47,51,  0.000000000000e+00
47,52,  0.000000000000e+00
47,53,  0.000000000000e+00
47,54,  1.115643177272e+00
47,55,  0.000000000000e+00
47,56,  0.000000000000e+00
47,57,  0.000000000000e+00
47,58,  0.000000000000e+00
48,0,  0.000000000000e+00
48,1,  0.000000000000e+00
48,2,  0.000000000000e+00
48,3,  0.000000000000e+00
48,4,  0.000000000000e+00
48,5,  0.000000000000e+00
48,6,  0.000000000000e+00
48,7,  0.000000000000e+00
48,8,  0.000000000000e+00
48,9,  0.000000000000e+00
48,10,  0.000000000000e+00
48,11,  0.000000000000e+00
48,12,  0.000000000000e+00
48,13,  0.000000000000e+00
48,14,  0.000000000000e+00
48,15,  0.000000000000e+00
48,16,  0.000000000000e+00
48,17,  0.000000000000e+00
48,18,  0.000000000000e+00
48,19,  0.000000000000e+00
48,20,  0.000000000000e+00
48,21,  0.000000000000e+00
48,22,  0.000000000000e+00
48,23,  0.000000000000e+00
48,24,  0.000000000000e+00
48,25,  0.000000000000e+00
48,26,  0.000000000000e+00
48,27,  0.000000000000e+00
48,28,  0.000000000000e+00
48,29,  0.000000000000e+00
48,30,  0.000000000000e+00
48,31,  0.000000000000e+00
48,32,  0.000000000000e+00
48,33,  0.000000000000e+00
48,34,  0.000000000000e+00
48,35,  0.000000000000e+00
48,36,  0.000000000000e+00
48,37,  0.000000000000e+00
48,38,  0.000000000000e+00
48,39,  1.101148339365e-02
48,40,  0.000000000000e+00
48,41,  0.000000000000e+00
48,42,  0.000000000000e+00
48,43,  0.000000000000e+00
48,44,  0.000000000000e+00
48,45,  0.000000000000e+00
48,46,  0.000000000000e+00
48,47,  0.000000000000e+00
48,48,  0.000000000000e+00
48,49,  0.000000000000e+00
48,50,  0.000000000000e+00
48,51,  0.000000000000e+00
48,52,  0.000000000000e+00
48,53,  0.000000000000e+00
48,54,  0.000000000000e+00
48,55,  1.115643177272e+00
48,56,  0.000000000000e+00
48,57,  0.000000000000e+00
48,58,  0.000000000000e+00
49,0,  0.000000000000e+00
49,1,  0.000000000000e+00
49,2,  0.000000000000e+00
49,3,  0.000000000000e+00
49,4,  0.000000000000e+00
49,5,  0.000000000000e+00
49,6,  0.000000000000e+00
49,7,  0.000000000000e+00
49,8,  0.000000000000e+00
49,9,  0.000000000000e+00
49,10,  0.000000000000e+00
49,11,  0.000000000000e+00
49,12,  0.000000000000e+00
49,13,  0.000000000000e+00
49,14,  0.000000000000e+00
49,15,  0.000000000000e+00
49,16,  0.000000000000e+00
49,17,  0.000000000000e+00
49,18,  0.000000000000e+00
49,19,  0.000000000000e+00
49,20,  0.000000000000e+00
49,21,  0.000000000000e+00
49,22,  0.000000000000e+00
49,23,  0.000000000000e+00
49,24,  0.000000000000e+00
49,25,  0.000000000000e+00
49,26,  0.000000000000e+00
49,27,  0.000000000000e+00
49,28,  0.000000000000e+00
49,29,  0.000000000000e+00
49,30,  0.000000000000e+00
49,31,  0.000000000000e+00
49,32,  0.000000000000e+00
49,33,  0.000000000000e+00
49,34,  0.000000000000e+00
49,35,  0.000000000000e+00
49,36,  0.000000000000e+00
49,37,  0.000000000000e+00
49,38,  0.000000000000e+00
49,39,  0.000000000000e+00
49,40,  1.101148339478e-02
49,41,  0.000000000000e+00
49,42,  0.000000000000e+00
49,43,  0.000000000000e+00
49,44,  0.000000000000e+00
49,45,  0.000000000000e+00
49,46,  0.000000000000e+00
49,47,  0.000000000000e+00
49,48,  0.000000000000e+00
49,49,  0.000000000000e+00
49,50,  0.000000000000e+00
49,51,  0.000000000000e+00
49,52,  0.000000000000e+00
49,53,  0.000000000000e+00
49,54,  0.000000000000e+00
49,55,  0.000000000000e+00
49,56,  1.115643177272e+00
49,57,  0.000000000000e+00
49,58,  0.000000000000e+00
50,0,  0.000000000000e+00
50,1,  0.000000000000e+00
50,2,  0.000000000000e+00
50,3,  0.000000000000e+00
50,4,  0.000000000000e+00
50,5,  0.000000000000e+00
50,6,  0.000000000000e+00
50,7,  0.000000000000e+00
50,8,  0.000000000000e+00
50,9,  0.000000000000e+00
50,10,  0.000000000000e+00
50,11,  0.000000000000e+00
50,12,  0.000000000000e+00
50,13,  0.000000000000e+00
50,14,  0.000000000000e+00
50,15,  0.000000000000e+00
50,16,  0.000000000000e+00
50,17,  0.000000000000e+00
50,18,  0.000000000000e+00
50,19,  0.000000000000e+00
50,20,  0.000000000000e+00
50,21,  0.000000000000e+00
50,22,  0.000000000000e+00
50,23,  0.000000000000e+00
50,24,  0.000000000000e+00
50,25,  0.000000000000e+00
50,26,  0.000000000000e+00
50,27,  0.000000000000e+00
50,28,  0.000000000000e+00
50,29,  0.000000000000e+00
50,30,  0.000000000000e+00
50,31,  0.000000000000e+00
50,32,  0.000000000000e+00
50,33,  0.000000000000e+00
50,34,  0.000000000000e+00
50,35,  0.000000000000e+00
50,36,  0.000000000000e+00
50,37,  0.000000000000e+00
50,38,  0.000000000000e+00
50,39,  0.000000000000e+00
50,40,  0.000000000000e+00
50,41,  1.101148339291e-02
50,42,  0.000000000000e+00
50,43,  0.000000000000e+00
50,44,  0.000000000000e+00
50,45,  0.000000000000e+00
50,46,  0.000000000000e+00
50,47,  0.000000000000e+00
50,48,  0.000000000000e+00
50,49,  0.000000000000e+00
50,50,  0.000000000000e+00
50,51,  0.000000000000e+00
50,52,  0.000000000000e+00
50,53,  0.000000000000e+00
50,54,  0.000000000000e+00
50,55,  0.000000000000e+00
50,56,  0.000000000000e+00
50,57,  1.115643177272e+00
50,58,  0.000000000000e+00
51,0,  0.000000000000e+00
51,1,  0.000000000000e+00
51,2,  0.000000000000e+00
51,3,  0.000000000000e+00
51,4,  0.000000000000e+00
51,5,  0.000000000000e+00
51,6,  0.000000000000e+00
51,7,  0.000000000000e+00
51,8,  0.000000000000e+00
51,9,  0.000000000000e+00
51,10,  0.000000000000e+00
51,11,  0.000000000000e+00
51,12,  0.000000000000e+00
51,13,  0.000000000000e+00
51,14,  0.000000000000e+00
51,15,  0.000000000000e+00
51,16,  0.000000000000e+00
51,17,  0.000000000000e+00
51,18,  0.000000000000e+00
51,19,  0.000000000000e+00
51,20,  0.000000000000e+00
51,21,  0.000000000000e+00
51,22,  0.000000000000e+00
51,23,  0.000000000000e+00
51,24,  0.000000000000e+00
51,25,  0.000000000000e+00
51,26,  0.000000000000e+00
51,27,  0.000000000000e+00
51,28,  0.000000000000e+00
51,29,  0.000000000000e+00
51,30,  0.000000000000e+00
51,31,  0.000000000000e+00
51,32,  0.000000000000e+00
51,33,  0.000000000000e+00
51,34,  0.000000000000e+00
51,35,  0.000000000000e+00
51,36,  0.000000000000e+00
51,37,  0.000000000000e+00
51,38,  0.000000000000e+00
51,39,  0.000000000000e+00
51,40,  0.000000000000e+00
51,41,  0.000000000000e+00
51,42,  1.101148339508e-02
51,43,  0.000000000000e+00
51,44,  0.000000000000e+00
51,45,  0.000000000000e+00
51,46,  0.000000000000e+00
51,47,  0.000000000000e+00
51,48,  0.000000000000e+00
51,49,  0.000000000000e+00
51,50,  0.000000000000e+00
51,51,  0.000000000000e+00
51,52,  0.000000000000e+00
51,53,  0.000000000000e+00
51,54,  0.000000000000e+00
51,55,  0.000000000000e+00
51,56,  0.000000000000e+00
51,57,  0.000000000000e+00
51,58,  1.115643177272e+00
52,0,  0.000000000000e+00
52,1,  0.000000000000e+00
52,2,  0.000000000000e+00
52,3,  0.000000000000e+00
52,4,  0.000000000000e+00
52,5,  0.000000000000e+00
52,6,  0.000000000000e+00
52,7,  0.000000000000e+00
52,8,  0.000000000000e+00
52,9,  0.000000000000e+00
52,10,  0.000000000000e+00
52,11,  0.000000000000e+00
52,12,  0.000000000000e+00
52,13,  0.000000000000e+00
52,14,  0.000000000000e+00
52,15,  0.000000000000e+00
52,16,  0.000000000000e+00
52,17,  0.000000000000e+00
52,18,  0.000000000000e+00
52,19,  0.000000000000e+00
52,20,  0.000000000000e+00
52,21,  0.000000000000e+00
52,22,  0.000000000000e+00
52,23,  0.000000000000e+00
52,24,  0.000000000000e+00
52,25,  0.000000000000e+00
52,26,  0.000000000000e+00
52,27,  0.000000000000e+00
52,28,  0.000000000000e+00
52,29,  0.000000000000e+00
52,30,  0.000000000000e+00
52,31,  0.000000000000e+00
52,32,  0.000000000000e+00
52,33,  0.000000000000e+00
52,34,  0.000000000000e+00
52,35,  0.000000000000e+00
52,36, -1.004834310618e+00
52,37,  0.000000000000e+00
52,38,  0.000000000000e+00
52,39,  0.000000000000e+00
52,40,  0.000000000000e+00
52,41,  0.000000000000e+00
52,42,  0.000000000000e+00
52,43,  0.000000000000e+00
52,44,  0.000000000000e+00
52,45,  0.000000000000e+00
52,46,  0.000000000000e+00
52,47,  0.000000000000e+00
52,48,  0.000000000000e+00
52,49,  0.000000000000e+00
52,50,  0.000000000000e+00
52,51,  0.000000000000e+00
52,52, -4.848597322574e-01
52,53,  0.000000000000e+00
52,54,  0.000000000000e+00
52,55,  0.000000000000e+00
52,56,  0.000000000000e+00
52,57,  0.000000000000e+00
52,58,  0.000000000000e+00
53,0,  0.000000000000e+00
53,1,  0.000000000000e+00
53,2,  0.000000000000e+00
53,3,  0.000000000000e+00
53,4,  0.000000000000e+00
53,5,  0.000000000000e+00
53,6,  0.000000000000e+00
53,7,  0.000000000000e+00
53,8,  0.000000000000e+00
53,9,  0.000000000000e+00
53,10,  0.000000000000e+00
53,11,  0.000000000000e+00
53,12,  0.000000000000e+00
53,13,  0.000000000000e+00
53,14,  0.000000000000e+00
53,15,  0.000000000000e+00
53,16,  0.000000000000e+00
53,17,  0.000000000000e+00
53,18,  0.000000000000e+00
53,19,  0.000000000000e+00
53,20,  0.000000000000e+00
53,21,  0.000000000000e+00
53,22,  0.000000000000e+00
53,23,  0.000000000000e+00
53,24,  0.000000000000e+00
53,25,  0.000000000000e+00
53,26,  0.000000000000e+00
53,27,  0.000000000000e+00
53,28,  0.000000000000e+00
53,29,  0.000000000000e+00
53,30,  0.000000000000e+00
53,31,  0.000000000000e+00
53,32,  0.000000000000e+00
53,33,  0.000000000000e+00
53,34,  0.000000000000e+00
53,35,  0.000000000000e+00
53,36,  0.000000000000e+00
53,37, -1.004834310618e+00
53,38,  0.000000000000e+00
53,39,  0.000000000000e+00
53,40,  0.000000000000e+00
53,41,  0.000000000000e+00
53,42,  0.000000000000e+00
53,43,  0.000000000000e+00
53,44,  0.000000000000e+00
53,45,  0.000000000000e+00
53,46,  0.000000000000e+00
53,47,  0.000000000000e+00
53,48,  0.000000000000e+00
53,49,  0.000000000000e+00
53,50,  0.000000000000e+00
53,51,  0.000000000000e+00
53,52,  0.000000000000e+00
53,53, -4.848597322574e-01
53,54,  0.000000000000e+00
53,55,  0.000000000000e+00
53,56,  0.000000000000e+00
53,57,  0.000000000000e+00
53,58,  0.000000000000e+00
54,0,  0.000000000000e+00
54,1,  0.000000000000e+00
54,2,  0.000000000000e+00
54,3,  0.000000000000e+00
54,4,  0.000000000000e+00
54,5,  0.000000000000e+00
54,6,  0.000000000000e+00
54,7,  0.000000000000e+00
54,8,  0.000000000000e+00
54,9,  0.000000000000e+00
54,10,  0.000000000000e+00
54,11,  0.000000000000e+00
54,12,  0.000000000000e+00
54,13,  0.000000000000e+00
54,14,  0.000000000000e+00
54,15,  0.000000000000e+00
54,16,  0.000000000000e+00
54,17,  0.000000000000e+00
54,18,  0.000000000000e+00
54,19,  0.000000000000e+00
54,20,  0.000000000000e+00
54,21,  0.000000000000e+00
54,22,  0.000000000000e+00
54,23,  0.000000000000e+00
54,24,  0.000000000000e+00
54,25,  0.000000000000e+00
54,26,  0.000000000000e+00
54,27,  0.000000000000e+00
54,28,  0.000000000000e+00
54,29,  0.000000000000e+00
54,30,  0.000000000000e+00
54,31,  0.000000000000e+00
54,32,  0.000000000000e+00
54,33,  0.000000000000e+00
54,34,  0.000000000000e+00
54,35,  0.000000000000e+00
54,36,  0.000000000000e+00
54,37,  0.000000000000e+00
54,38, -1.004834310618e+00
54,39,  0.000000000000e+00
54,40,  0.000000000000e+00
54,41,  0.000000000000e+00
54,42,  0.000000000000e+00
54,43,  0.000000000000e+00
54,44,  0.000000000000e+00
54,45,  0.000000000000e+00
54,46,  0.000000000000e+00
54,47,  0.000000000000e+00
54,48,  0.000000000000e+00
54,49,  0.000000000000e+00
54,50,  0.000000000000e+00
54,51,  0.000000000000e+00
54,52,  0.000000000000e+00
54,53,  0.000000000000e+00
54,54, -4.848597322583e-01
54,55,  0.000000000000e+00
54,56,  0.000000000000e+00
54,57,  0.000000000000e+00
54,58,  0.000000000000e+00
55,0,  0.000000000000e+00
55,1,  0.000000000000e+00
55,2,  0.000000000000e+00
55,3,  0.000000000000e+00
55,4,  0.000000000000e+00
55,5,  0.000000000000e+00
55,6,  0.000000000000e+00
55,7,  0.000000000000e+00
55,8,  0.000000000000e+00
55,9,  0.000000000000e+00
55,10,  0.000000000000e+00
55,11,  0.000000000000e+00
55,12,  0.000000000000e+00
55,13,  0.000000000000e+00
55,14,  0.000000000000e+00
55,15,  0.000000000000e+00
55,16,  0.000000000000e+00
55,17,  0.000000000000e+00
55,18,  0.000000000000e+00
55,19,  0.000000000000e+00
55,20,  0.000000000000e+00
55,21,  0.000000000000e+00
55,22,  0.000000000000e+00
55,23,  0.000000000000e+00
55,24,  0.000000000000e+00
55,25,  0.000000000000e+00
55,26,  0.000000000000e+00
55,27,  0.000000000000e+00
55,28,  0.000000000000e+00
55,29,  0.000000000000e+00
55,30,  0.000000000000e+00
55,31,  0.000000000000e+00
55,32,  0.000000000000e+00
55,33,  0.000000000000e+00
55,34,  0.000000000000e+00
55,35,  0.000000000000e+00
55,36,  0.000000000000e+00
55,37,  0.000000000000e+00
55,38,  0.000000000000e+00
55,39, -1.004834310618e+00
55,40,  0.000000000000e+00
55,41,  0.000000000000e+00
55,42,  0.000000000000e+00
55,43,  0.000000000000e+00
55,44,  0.000000000000e+00
55,45,  0.000000000000e+00
55,46,  0.000000000000e+00
55,47,  0.000000000000e+00
55,48,  0.000000000000e+00
55,49,  0.000000000000e+00
55,50,  0.000000000000e+00
55,51,  0.000000000000e+00
55,52,  0.000000000000e+00
55,53,  0.000000000000e+00
55,54,  0.000000000000e+00
55,55, -4.848597322574e-01
55,56,  0.000000000000e+00
55,57,  0.000000000000e+00
55,58,  0.000000000000e+00
56,0,  0.000000000000e+00
56,1,  0.000000000000e+00
56,2,  0.000000000000e+00
56,3,  0.000000000000e+00
56,4,  0.000000000000e+00
56,5,  0.000000000000e+00
56,6,  0.000000000000e+00
56,7,  0.000000000000e+00
56,8,  0.000000000000e+00
56,9,  0.000000000000e+00
56,10,  0.000000000000e+00
56,11,  0.000000000000e+00
56,12,  0.000000000000e+00
56,13,  0.000000000000e+00
56,14,  0.000000000000e+00
56,15,  0.000000000000e+00
56,16,  0.000000000000e+00
56,17,  0.000000000000e+00
56,18,  0.000000000000e+00
56,19,  0.000000000000e+00
56,20,  0.000000000000e+00
56,21,  0.000000000000e+00
56,22,  0.000000000000e+00
56,23,  0.000000000000e+00
56,24,  0.000000000000e+00
56,25,  0.000000000000e+00
56,26,  0.000000000000e+00
56,27,  0.000000000000e+00
56,28,  0.000000000000e+00
56,29,  0.000000000000e+00
56,30,  0.000000000000e+00
56,31,  0.000000000000e+00
56,32,  0.000000000000e+00
56,33,  0.000000000000e+00
56,34,  0.000000000000e+00
56,35,  0.000000000000e+00
56,36,  0.000000000000e+00
56,37,  0.000000000000e+00
56,38,  0.000000000000e+00
56,39,  0.000000000000e+00
56,40, -1.004834310618e+00
56,41,  0.000000000000e+00
56,42,  0.000000000000e+00
56,43,  0.000000000000e+00
56,44,  0.000000000000e+00
56,45,  0.000000000000e+00
56,46,  0.000000000000e+00
56,47,  0.000000000000e+00
56,48,  0.000000000000e+00
56,49,  0.000000000000e+00
56,50,  0.000000000000e+00
56,51,  0.000000000000e+00
56,52,  0.000000000000e+00
56,53,  0.000000000000e+00
56,54,  0.000000000000e+00
56,55,  0.000000000000e+00
56,56, -4.848597322564e-01
56,57,  0.000000000000e+00
56,58,  0.000000000000e+00
57,0,  0.000000000000e+00
57,1,  0.000000000000e+00
57,2,  0.000000000000e+00
57,3,  0.000000000000e+00
57,4,  0.000000000000e+00
57,5,  0.000000000000e+00
57,6,  0.000000000000e+00
57,7,  0.000000000000e+00
57,8,  0.000000000000e+00
57,9,  0.000000000000e+00
57,10,  0.000000000000e+00
57,11,  0.000000000000e+00
57,12,  0.000000000000e+00
57,13,  0.000000000000e+00
57,14,  0.000000000000e+00
57,15,  0.000000000000e+00
57,16,  0.000000000000e+00
57,17,  0.000000000000e+00
57,18,  0.000000000000e+00
57,19,  0.000000000000e+00
57,20,  0.000000000000e+00
57,21,  0.000000000000e+00
57,22,  0.000000000000e+00
57,23,  0.000000000000e+00
57,24,  0.000000000000e+00
57,25,  0.000000000000e+00
57,26,  0.000000000000e+00
57,27,  0.000000000000e+00
57,28,  0.000000000000e+00
57,29,  0.000000000000e+00
57,30,  0.000000000000e+00
57,31,  0.000000000000e+00
57,32,  0.000000000000e+00
57,33,  0.000000000000e+00
57,34,  0.000000000000e+00
57,35,  0.000000000000e+00
57,36,  0.000000000000e+00
57,37,  0.000000000000e+00
57,38,  0.000000000000e+00
57,39,  0.000000000000e+00
57,40,  0.000000000000e+00
57,41, -1.004834310618e+00
57,42,  0.000000000000e+00
57,43,  0.000000000000e+00
57,44,  0.000000000000e+00
57,45,  0.000000000000e+00
57,46,  0.000000000000e+00
57,47,  0.000000000000e+00
57,48,  0.000000000000e+00
57,49,  0.000000000000e+00
57,50,  0.000000000000e+00
57,51,  0.000000000000e+00
57,52,  0.000000000000e+00
57,53,  0.000000000000e+00
57,54,  0.000000000000e+00
57,55,  0.000000000000e+00
57,56,  0.000000000000e+00
57,57, -4.848597322581e-01
57,58,  0.000000000000e+00
58,0,  0.000000000000e+00
58,1,  0.000000000000e+00
58,2,  0.000000000000e+00
58,3,  0.000000000000e+00
58,4,  0.000000000000e+00
58,5,  0.000000000000e+00
58,6,  0.000000000000e+00
58,7,  0.000000000000e+00
58,8,  0.000000000000e+00
58,9,  0.000000000000e+00
58,10,  0.000000000000e+00
58,11,  0.000000000000e+00
58,12,  0.000000000000e+00
58,13,  0.000000000000e+00
58,14,  0.000000000000e+00
58,15,  0.000000000000e+00
58,16,  0.000000000000e+00
58,17,  0.000000000000e+00
58,18,  0.000000000000e+00
58,19,  0.000000000000e+00
58,20,  0.000000000000e+00
58,21,  0.000000000000e+00
58,22,  0.000000000000e+00
58,23,  0.000000000000e+00
58,24,  0.000000000000e+00
58,25,  0.000000000000e+00
58,26,  0.000000000000e+00
58,27,  0.000000000000e+00
58,28,  0.000000000000e+00
58,29,  0.000000000000e+00
58,30,  0.000000000000e+00
58,31,  0.000000000000e+00
58,32,  0.000000000000e+00
58,33,  0.000000000000e+00
58,34,  0.000000000000e+00
58,35,  0.000000000000e+00
58,36,  0.000000000000e+00
58,37,  0.000000000000e+00
58,38,  0.000000000000e+00
58,39,  0.000000000000e+00
58,40,  0.000000000000e+00
58,41,  0.000000000000e+00
58,42, -1.004834310619e+00
58,43,  0.000000000000e+00
58,44,  0.000000000000e+00
58,45,  0.000000000000e+00
58,46,  0.000000000000e+00
58,47,  0.000000000000e+00
58,48,  0.000000000000e+00
58,49,  0.000000000000e+00
58,50,  0.000000000000e+00
58,51,  0.000000000000e+00
58,52,  0.000000000000e+00
58,53,  0.000000000000e+00
58,54,  0.000000000000e+00
58,55,  0.000000000000e+00
58,56,  0.000000000000e+00
58,57,  0.000000000000e+00
58,58, -4.848597322561e-01
